sentence_index,timestamp,model_used,provider,original,compressed,decompressed,target_compression_ratio,achieved_compression_ratio,compression_success,compression_attempts,original_length,compressed_length,decompressed_length,characters_saved,compression_percentage,embedding_similarity,bleu_score,keyword_preservation,llm_similarity,composite_score,semantic_interpretation,llm_analysis,expansion_ratio,recovery_ratio
0,1751318608.92047,gpt-4o-2024-11-20,openai,"The ancient Mediterranean trading routes, established by Phoenician merchants around 1200 BCE, fundamentally transformed economic relationships between distant civilizations by enabling the exchange of not only goods like purple dye, cedar wood, and precious metals, but also ideas, technologies, and cultural practices that would shape the development of Western civilization.",ğŸŒğŸ“œPhoenicians (1200 BCE): ğŸ›³ï¸ğŸ’±ğŸ”„ğŸ› ï¸ğŸ“šğŸ­â†’ğŸŒğŸ“– Western roots.,"The Phoenicians, around 1200 BCE, were skilled seafarers and traders who facilitated the exchange of goods, tools, knowledge, and cultural practices, including writing and art, which significantly influenced the foundational development of Western civilization.",0.15,0.13793103448275862,True,4,377,52,261,325,86.20689655172413,0.7296844720840454,0.16704475926985993,0.2413793103448276,0.7,0.5105901555481511,Moderate,"Both sentences discuss the role of the Phoenicians around 1200 BCE in facilitating trade and cultural exchange that influenced Western civilization. Key elements such as the timeframe, the Phoenicians' role as traders, and the impact on Western civilization are preserved. However, the original sentence emphasizes the transformation of economic relationships and specifies goods like purple dye, cedar wood, and precious metals, which are not mentioned in the decompressed version. The decompressed sentence adds details about the Phoenicians being skilled seafarers and includes specific cultural elements like writing and art, which are not explicitly mentioned in the original. Overall, while the core idea of cultural and economic influence is maintained, there are differences in the specifics of what was exchanged and the emphasis on certain aspects.",5.019230769230769,0.6923076923076923
1,1751318618.732793,gpt-4o-2024-11-20,openai,"Climate scientists at the International Panel on Climate Change have determined through extensive analysis of ice core samples, satellite temperature measurements, and oceanic thermal data that global average temperatures have risen by approximately 1.1 degrees Celsius since pre-industrial times, with the most dramatic increases occurring in the Arctic regions where permafrost melting is accelerating at unprecedented rates.",IPCC: ğŸŒâ†‘1.1Â°C vs pre-industrial; â„ï¸Arctic warming fastest.,"The Intergovernmental Panel on Climate Change (IPCC) reports that the Earth's average temperature has risen by 1.1 degrees Celsius compared to pre-industrial levels, with the Arctic experiencing the fastest rate of warming.",0.15,0.1358313817330211,True,2,427,58,223,369,86.41686182669788,0.7225567102432251,0.07725260331471549,0.2777777777777778,0.7,0.49777308929146624,Moderate,"The decompressed sentence retains the core information that the Earth's average temperature has increased by 1.1 degrees Celsius since pre-industrial times and highlights the Arctic as the region experiencing the fastest warming. However, it omits several details from the original sentence, such as the specific sources of data used by the scientists (ice core samples, satellite temperature measurements, and oceanic thermal data) and the mention of permafrost melting at unprecedented rates. These omissions result in a loss of context and specificity, leading to a generally similar meaning but with some information lost.",3.8448275862068964,0.522248243559719
2,1751318627.574922,gpt-4o-2024-11-20,openai,"The human brain's neuroplasticity allows for remarkable adaptation throughout life, as demonstrated by stroke patients who recover speech and motor functions through intensive rehabilitation therapy that essentially rewires neural pathways, creating new connections that bypass damaged areas and restore cognitive abilities previously thought to be permanently lost.",ğŸ§ â†”ï¸ğŸ”„=adapt; rewiresâ¡ï¸restoreâš™ï¸+lost functions.,"The brain has the ability to adapt and rewire itself, enabling the restoration of lost functions.",0.15,0.12568306010928962,True,2,366,46,97,320,87.43169398907104,0.7213769555091858,0.002904576234102546,0.08823529411764706,0.5,0.38464106072310567,Poor,"The decompressed sentence captures the general concept of the brain's ability to adapt and rewire itself, which is a key aspect of neuroplasticity. However, it lacks several specific details present in the original sentence. The original mentions the context of stroke patients, the recovery of speech and motor functions, the role of intensive rehabilitation therapy, and the creation of new neural connections to bypass damaged areas. These details are significant in illustrating the process and implications of neuroplasticity, and their absence in the decompressed sentence results in a partial similarity with significant information differences.",2.108695652173913,0.2650273224043716
3,1751318638.940913,gpt-4o-2024-11-20,openai,"Modern cryptocurrency blockchain technology utilizes distributed ledger systems with cryptographic hash functions to create immutable transaction records that are verified by thousands of independent nodes worldwide, eliminating the need for traditional banking intermediaries while consuming enormous amounts of electrical energy in the process.",â›“ï¸+ğŸŒğŸ“œ+ğŸ”’â¡ï¸ğŸ“ŠğŸ”âœ”ï¸â™¾ï¸ğŸ”„ğŸ¦âŒâš¡â¬†ï¸,"The interconnected global system of agreements and secure protocols leads to data encryption, ensuring infinite cycles of secure transactions without disruptions, while enhancing financial stability and efficiency.",0.15,0.06069364161849711,True,2,346,21,214,325,93.9306358381503,0.5576177835464478,0.006160514825019626,0.0,0.3,0.25851743802893823,Poor,"The two sentences discuss different aspects of financial technology systems. The original sentence focuses on the specific characteristics of cryptocurrency blockchain technology, emphasizing the use of distributed ledger systems, cryptographic hash functions, and the role of independent nodes in verifying transactions. It also highlights the elimination of traditional banking intermediaries and the high energy consumption associated with these processes. In contrast, the decompressed sentence speaks more generally about a global system of agreements and secure protocols, mentioning data encryption and secure transactions, but it lacks specific references to blockchain technology, distributed ledgers, or the energy consumption aspect. The decompressed sentence also introduces concepts like financial stability and efficiency, which are not present in the original. Overall, the core details and technical specifics of blockchain technology are lost, resulting in a low semantic similarity score.",10.19047619047619,0.6184971098265896
4,1751318650.2913542,gpt-4o-2024-11-20,openai,"The James Webb Space Telescope, positioned at the second Lagrange point approximately 1.5 million kilometers from Earth, uses its 6.5-meter segmented mirror and advanced infrared instruments to observe the universe's earliest galaxies, some formed just 400 million years after the Big Bang, providing unprecedented insights into cosmic evolution and star formation processes.",JWST@L2(1.5Mkm)ğŸ”­6.5m+IR sees 400Myr post-ğŸ…±ï¸ğŸŒŒâ†’cosmic evo.,"The James Webb Space Telescope, positioned at the second Lagrange point approximately 1.5 million kilometers from Earth, with its 6.5-meter infrared mirror, observes the universe as it appeared 400 million years after the Big Bang, providing insights into cosmic evolution.",0.15,0.14933333333333335,True,3,375,56,273,319,85.06666666666666,0.9420849084854126,0.5055011325001006,0.6363636363636364,0.7,0.7209984263183712,Good,"The decompressed sentence retains the core information about the James Webb Space Telescope's position at the second Lagrange point, its distance from Earth, and its role in observing the universe shortly after the Big Bang to provide insights into cosmic evolution. However, it loses specific details about the telescope's segmented mirror design, the advanced infrared instruments, the focus on observing the universe's earliest galaxies, and the aspect of star formation processes. These omissions result in a generally similar meaning but with some loss of detailed information.",4.875,0.728
5,1751318661.740778,gpt-4o-2024-11-20,openai,"Quantum entanglement, described by Einstein as 'spooky action at a distance,' occurs when two particles become correlated in such a way that measuring the quantum state of one particle instantly determines the state of its partner, regardless of the physical distance separating them, challenging our classical understanding of locality and causality in physics.","âš›ï¸ğŸ”—Quantum entanglement defies ğŸ•’ğŸ“, enabling instantğŸŒŒ.","Quantum entanglement defies the constraints of time and space, enabling instantaneous connections across the universe.",0.15,0.1464088397790055,True,7,362,53,118,309,85.35911602209944,0.6736001372337341,0.0029081219166353874,0.07692307692307693,0.5,0.3680462809380627,Poor,"The decompressed sentence captures the core concept of quantum entanglement as involving instantaneous connections across distances, which aligns with the original sentence's description of particles being correlated regardless of distance. However, it lacks specific details present in the original, such as the mention of Einstein's description, the process of measuring quantum states, and the challenge to classical physics concepts like locality and causality. The decompressed version simplifies and generalizes the concept, resulting in significant information loss regarding the scientific context and implications.",2.2264150943396226,0.3259668508287293
6,1751318673.970978,gpt-4o-2024-11-20,openai,"The Amazon rainforest ecosystem supports over 400 billion individual trees representing approximately 16,000 different species, creates roughly 20% of the world's oxygen, and serves as home to an estimated 10% of Earth's biodiversity, while also playing a crucial role in global climate regulation through its massive carbon storage capacity.","ğŸŒ³Amazon:$400B,16KğŸ¦œ,10%ğŸŒbio,20%ğŸŒ¬ï¸Oâ‚‚,â™»ï¸COâ‚‚,ğŸŒ¡ï¸â†”ï¸","The Amazon rainforest, valued at $400 billion, is home to 16,000 species of parrots and contributes 10% of the Earth's biodiversity. It produces 20% of the planet's oxygen, recycles carbon dioxide, and plays a crucial role in regulating global temperatures.",0.15,0.13157894736842105,True,4,342,45,257,297,86.8421052631579,0.7515591979026794,0.17351693898170542,0.41379310344827586,0.4,0.46292976785680007,Moderate,"The decompressed sentence retains some key elements from the original, such as the Amazon rainforest's contribution to 10% of Earth's biodiversity, its production of 20% of the world's oxygen, and its role in regulating global climate. However, there are significant inaccuracies and omissions. The original mentions ""over 400 billion individual trees"" and ""approximately 16,000 different species,"" while the decompressed version incorrectly states ""16,000 species of parrots"" and assigns a monetary value of ""$400 billion"" to the rainforest, which is not present in the original. Additionally, the original emphasizes the rainforest's massive carbon storage capacity, while the decompressed version mentions ""recycles carbon dioxide"" without the same emphasis on storage. These discrepancies result in a partial similarity with significant information differences.",5.711111111111111,0.7514619883040936
7,1751318683.250365,gpt-4o-2024-11-20,openai,"Machine learning algorithms trained on vast datasets of human language can now generate coherent text, translate between languages, answer complex questions, and even write computer code, but they fundamentally operate through statistical pattern recognition rather than true understanding, raising philosophical questions about the nature of intelligence and consciousness.",ğŸ¤–ğŸ“šâ†’ğŸ“ğŸŒğŸ’»â“; âš™ï¸â‰ ğŸ§ â†’ğŸ¤”+ğŸ§µAI.,"Robots and artificial intelligence can process and generate information for the digital world, but does that mean they truly understand it? Technology is not the same as human intelligence, which involves critical thinking and interconnected reasoning.",0.15,0.053475935828877004,True,2,374,20,252,354,94.6524064171123,0.4666457176208496,0.010777418890342736,0.09375,0.4,0.2808991990643234,Poor,"The two sentences share a thematic focus on the capabilities and limitations of artificial intelligence, particularly in relation to understanding and intelligence. Both mention the ability of AI to process and generate information, and both raise questions about the nature of true understanding and intelligence. However, the original sentence provides specific examples of AI capabilities (e.g., generating text, translating languages, answering questions, writing code) and emphasizes the statistical nature of AI's operation. In contrast, the decompressed sentence generalizes AI as ""robots and artificial intelligence"" and contrasts technology with human intelligence, emphasizing critical thinking and reasoning. The decompressed version lacks the detailed examples and the specific mention of statistical pattern recognition, resulting in significant information differences.",12.6,0.6737967914438503
8,1751318694.0762591,gpt-4o-2024-11-20,openai,"The Great Pacific Garbage Patch, a massive accumulation of plastic debris floating in the North Pacific Ocean between Hawaii and California, covers an area larger than twice the size of Texas and contains an estimated 80,000 metric tons of plastic waste that poses severe threats to marine life through ingestion, entanglement, and toxic chemical leaching.","ğŸŒŠğŸ—‘ï¸: 2Ã—TX, 80kT plastic, ğŸŸâš ï¸ (ingest, entangle, â˜ ï¸).","The ocean is being polluted with approximately 80,000 tons of plastic annually, equivalent to two times the weight of the Titanic, which poses severe risks to marine life as fish ingest the plastic, become entangled in it, and face fatal consequences.",0.15,0.14606741573033707,True,3,356,52,251,304,85.39325842696628,0.651779294013977,0.03758387291175605,0.21212121212121213,0.5,0.3954748052107867,Poor,"Both sentences discuss the issue of plastic pollution in the ocean and its harmful effects on marine life. However, the original sentence specifically refers to the Great Pacific Garbage Patch, its location, and its size relative to Texas, while the decompressed sentence generalizes the pollution to the ocean without specifying the location or the specific area affected. The decompressed sentence also uses a different analogy (weight of the Titanic) to describe the amount of plastic, which changes the context. Additionally, the original sentence mentions toxic chemical leaching as a threat, which is not included in the decompressed version. Overall, while both sentences convey the idea of plastic pollution and its dangers to marine life, significant details and context are lost or altered in the decompressed version.",4.826923076923077,0.7050561797752809
9,1751318702.8171709,gpt-4o-2024-11-20,openai,"CRISPR-Cas9 gene editing technology allows scientists to make precise modifications to DNA sequences by using a guide RNA to direct the Cas9 enzyme to specific genomic locations where it cuts the double helix, enabling researchers to delete, insert, or replace genetic material with unprecedented accuracy and potentially cure inherited diseases.",ğŸ§¬CRISPR-Cas9ğŸ”§DNA w/ğŸ§­RNAâ¡ï¸ğŸ¯gene editsğŸ©ºcure diseases.,"CRISPR-Cas9 technology uses a DNA-editing tool guided by RNA to precisely target and modify genes, offering the potential to cure diseases.",0.15,0.14739884393063585,True,2,346,51,139,295,85.26011560693641,0.9467933177947998,0.008640521457678737,0.15625,0.7,0.5270160996299756,Moderate,"The decompressed sentence retains the core concept of CRISPR-Cas9 technology being used for precise gene editing with the potential to cure diseases. However, it loses several specific details present in the original sentence. The original mentions the use of a guide RNA to direct the Cas9 enzyme to specific genomic locations, the process of cutting the double helix, and the ability to delete, insert, or replace genetic material with unprecedented accuracy. These details are not explicitly mentioned in the decompressed version, resulting in a general similarity but with some loss of specific information.",2.7254901960784315,0.40173410404624277
10,1751318714.312396,gpt-4o-2024-11-20,openai,"The ancient Library of Alexandria, established in the 3rd century BCE during the Ptolemaic dynasty, represented humanity's first attempt at universal knowledge collection, housing an estimated 400,000 to 700,000 scrolls on subjects ranging from mathematics and astronomy to medicine and literature, before its gradual decline and eventual destruction over several centuries.","ğŸ“šğŸ›ï¸Alexandria(3rdc.BCE):400k-700kğŸ“œ,universalğŸ“–;declinedğŸ”¥.","The Library of Alexandria, established in the 3rd century BCE, housed an estimated 400,000 to 700,000 scrolls and aimed to be a universal repository of knowledge; however, it eventually declined and was destroyed by fire.",0.15,0.1497326203208556,True,4,374,56,221,318,85.02673796791444,0.8892419934272766,0.24319782581459679,0.2857142857142857,0.7,0.5825550203339595,Moderate,"The decompressed sentence retains the core information about the Library of Alexandria, including its establishment in the 3rd century BCE, its purpose as a universal repository of knowledge, the estimated number of scrolls it housed, and its eventual decline and destruction. However, it omits several details present in the original sentence, such as the specific mention of the Ptolemaic dynasty, the range of subjects covered by the scrolls (mathematics, astronomy, medicine, literature), and the gradual nature of its decline and destruction over several centuries. These omissions result in a generally similar meaning but with some loss of specific historical and contextual information.",3.9464285714285716,0.5909090909090909
11,1751318722.7872791,gpt-4o-2024-11-20,openai,"Photosynthesis, the fundamental biological process that converts carbon dioxide and water into glucose using sunlight energy captured by chlorophyll molecules, not only provides the chemical energy that powers most life on Earth but also produces the oxygen that makes aerobic respiration possible for complex multicellular organisms.",â˜€ï¸+ğŸŒ±: COâ‚‚+Hâ‚‚Oâ†’Câ‚†Hâ‚â‚‚Oâ‚†+Oâ‚‚. Vital for life.,"Sunlight and plants: Carbon dioxide and water combine to produce glucose and oxygen through photosynthesis, a process essential for sustaining life.",0.15,0.12275449101796407,True,2,334,41,148,293,87.72455089820359,0.8391289710998535,0.050144463161582345,0.2857142857142857,0.7,0.5289104411051296,Moderate,"The decompressed sentence captures the core concept of photosynthesis, including the conversion of carbon dioxide and water into glucose and oxygen using sunlight, which is essential for sustaining life. However, it omits specific details such as the role of chlorophyll molecules in capturing sunlight energy and the significance of photosynthesis in providing chemical energy and enabling aerobic respiration for complex multicellular organisms. These omissions result in some loss of information, leading to a generally similar but not highly detailed representation of the original sentence.",3.6097560975609757,0.4431137724550898
12,1751318733.196115,gpt-4o-2024-11-20,openai,"The Manhattan Project, a top-secret research and development program during World War II, brought together over 130,000 workers and scientists across multiple sites in the United States to develop the world's first nuclear weapons, culminating in the atomic bombs dropped on Hiroshima and Nagasaki and fundamentally altering international relations and military strategy.",WWIIğŸ‡ºğŸ‡¸ManhattanProj:130kâ†’â˜¢ï¸Hiroshima+Nagasaki;ğŸŒâš”ï¸shift.,"During World War II, the United States initiated the Manhattan Project, which involved 130,000 people and led to the development of nuclear weapons that were subsequently used on Hiroshima and Nagasaki, causing a significant shift in global warfare and geopolitics.",0.15,0.14824797843665768,True,4,371,55,265,316,85.17520215633422,0.8770774602890015,0.18197427255320908,0.3,0.9,0.6295180925973423,Good,"The two sentences convey very similar meanings with only minor differences in detail and emphasis. Both sentences describe the Manhattan Project as a World War II initiative by the United States that involved 130,000 people and resulted in the development of nuclear weapons used on Hiroshima and Nagasaki. They both highlight the significant impact on global warfare and geopolitics. The original sentence provides slightly more detail by mentioning the ""top-secret research and development program"" and ""multiple sites in the United States,"" while the decompressed version simplifies these aspects. However, the core information and implications are preserved, resulting in a high similarity score.",4.818181818181818,0.7142857142857143
13,1751318742.2665422,gpt-4o-2024-11-20,openai,"Social media algorithms designed to maximize user engagement often create echo chambers by preferentially showing content that confirms existing beliefs and biases, leading to increased political polarization, reduced exposure to diverse viewpoints, and the rapid spread of misinformation that can have serious consequences for democratic discourse and public health.","ğŸ“±ğŸ¤– amplify biases, polarize ğŸŒ, spread ğŸ“°âŒ, harm ğŸ—³ï¸+ğŸ©º.","Smartphones and artificial intelligence amplify biases, polarize societies globally, spread misinformation, and negatively impact democracy and public health.",0.15,0.14168937329700274,True,2,367,52,158,315,85.83106267029973,0.5734201669692993,0.039511954418899056,0.14285714285714285,0.5,0.35849986954599816,Poor,"The decompressed sentence captures some of the core themes of the original, such as the amplification of biases, polarization, spread of misinformation, and negative impacts on democracy and public health. However, it loses significant details and specificity. The original sentence specifically discusses social media algorithms and their role in creating echo chambers by showing content that confirms existing beliefs, which is not mentioned in the decompressed version. Additionally, the original highlights the consequences for democratic discourse and public health, while the decompressed version generalizes these impacts without the same level of detail. The decompressed sentence also introduces ""smartphones and artificial intelligence"" as the agents of these effects, which is a broader and somewhat different focus than the original's emphasis on social media algorithms.",3.0384615384615383,0.4305177111716621
14,1751318752.9081988,gpt-4o-2024-11-20,openai,"The human microbiome, consisting of trillions of bacteria, viruses, fungi, and other microorganisms living in and on our bodies, plays essential roles in digestion, immune system function, mental health, and disease resistance, with recent research suggesting that disruptions to this microbial ecosystem may contribute to conditions ranging from obesity to depression.",Microbiome=ğŸ¦ trillionsâ†’digestğŸ›¡ï¸ğŸ§ ğŸ©º; disruptionsâ†’âš–ï¸ğŸ“‰ğŸ§ â¬‡ï¸.,"The microbiome consists of trillions of microorganisms that play a crucial role in digestion, immune defense, brain health, and overall well-being; disruptions to the microbiome can lead to imbalances, decreased health, and impaired brain function.",0.15,0.14363143631436315,True,3,369,53,248,316,85.63685636856368,0.8248507380485535,0.08428525333221583,0.25,0.8,0.5543122720810092,Moderate,"Both sentences convey the fundamental idea that the microbiome, composed of trillions of microorganisms, is crucial for various aspects of human health, including digestion, immune function, and mental health. They both mention the negative impact of disruptions to the microbiome. However, the original sentence specifies the types of microorganisms (bacteria, viruses, fungi) and explicitly mentions disease resistance and specific conditions like obesity and depression. The decompressed version generalizes these points to ""microorganisms"" and ""overall well-being,"" and it does not specify particular conditions, instead using broader terms like ""imbalances"" and ""decreased health."" Despite these differences, the core message about the importance and impact of the microbiome is largely preserved.",4.679245283018868,0.6720867208672087
15,1751318762.246426,gpt-4o-2024-11-20,openai,"Renewable energy technologies including solar photovoltaic panels, wind turbines, and hydroelectric generators have experienced dramatic cost reductions over the past decade, making clean electricity cheaper than fossil fuels in many markets and offering a viable pathway to reduce greenhouse gas emissions while meeting growing global energy demands.",â™»ï¸â˜€ï¸ğŸ’¨ğŸŒŠ>ğŸ›¢ï¸â¬‡ï¸ğŸŒğŸŒ¡ï¸âš¡âœ…,"Renewable energy sources like solar, wind, and hydro are more sustainable and environmentally friendly than fossil fuels, leading to reduced global warming, cleaner energy, and a healthier planet.",0.15,0.045584045584045586,True,2,351,16,196,335,95.44159544159544,0.7341969609260559,0.03188462827877282,0.20588235294117646,0.5,0.41781248452180664,Moderate,"The decompressed sentence captures the general theme of renewable energy being more sustainable and environmentally friendly compared to fossil fuels, which aligns with the original sentence's emphasis on reducing greenhouse gas emissions. However, it loses specific details about the dramatic cost reductions of renewable technologies, the comparison of clean electricity costs to fossil fuels, and the mention of meeting growing global energy demands. The decompressed version focuses more on the environmental benefits rather than the economic and market aspects highlighted in the original. Thus, while there is a partial overlap in meaning, significant information differences exist.",12.25,0.5584045584045584
16,1751318773.0409741,gpt-4o-2024-11-20,openai,"The discovery of DNA's double helix structure by Watson, Crick, Franklin, and Wilkins in 1953 revolutionized biology by revealing how genetic information is stored, replicated, and transmitted across generations, laying the foundation for molecular biology, biotechnology, and our modern understanding of heredity, evolution, and genetic diseases.","ğŸ§¬DNA(1953,W+C):â†»bioâ†”heredity,evo,life'sğŸ“œ,ğŸ”¬ğŸ”„code.","In 1953, the discovery of DNA by Watson and Crick revolutionized biology, revealing its role as the hereditary material, a cornerstone of evolution, the blueprint of life, and the molecular code that underpins all living organisms.",0.15,0.138328530259366,True,5,347,48,231,299,86.1671469740634,0.8420349955558777,0.07693713030375968,0.2962962962962963,0.7,0.5372571839867745,Moderate,"Both sentences convey the revolutionary impact of the discovery of DNA's structure on biology and its role in heredity and evolution. However, the original sentence includes more specific details, such as the involvement of Franklin and Wilkins, the double helix structure, and the implications for molecular biology, biotechnology, and genetic diseases. The decompressed sentence simplifies the discovery to Watson and Crick and focuses on DNA as the hereditary material and blueprint of life, omitting the contributions of Franklin and Wilkins and the broader implications for specific scientific fields.",4.8125,0.6657060518731989
17,1751318782.8208451,gpt-4o-2024-11-20,openai,"Urban heat islands, caused by the replacement of natural vegetation with concrete, asphalt, and buildings that absorb and retain solar energy, can make cities 2-5 degrees Celsius warmer than surrounding rural areas, exacerbating air conditioning energy use, air pollution, and heat-related health problems, particularly affecting low-income communities.","ğŸ™ï¸ğŸ”¥=â¬†ï¸2-5Â°Câ†”ï¸ğŸŒ³â¡ï¸ğŸ› ï¸, âš¡+â˜ï¸+ğŸ’”ğŸ“ˆ, ğŸ¯ğŸ’¸â¬‡ï¸.","Urban areas experience a temperature increase of 2 to 5 degrees Celsius due to reduced greenery, requiring restoration efforts, while energy consumption, pollution, and environmental degradation rise, leading to economic challenges and a decline in overall well-being.",0.15,0.09631728045325778,True,2,353,34,268,319,90.36827195467421,0.7161641716957092,0.025948627890327314,0.1935483870967742,0.6,0.43874865450613304,Moderate,"Both sentences discuss the phenomenon of urban heat islands and the associated temperature increase of 2 to 5 degrees Celsius. They mention the reduction of greenery as a contributing factor and the resulting rise in energy consumption and pollution. However, the original sentence specifically attributes the temperature increase to the replacement of natural vegetation with concrete, asphalt, and buildings, while the decompressed version generalizes this to ""reduced greenery"" and does not specify the materials involved. The original also highlights the impact on low-income communities and heat-related health problems, which are not explicitly mentioned in the decompressed version. Instead, the decompressed version introduces ""restoration efforts"" and ""economic challenges,"" which are not present in the original. Overall, the core idea of urban heat islands and their effects is preserved, but there are notable differences in detail and emphasis.",7.882352941176471,0.7592067988668555
18,1751318794.2905831,gpt-4o-2024-11-20,openai,"The development of antibiotics, beginning with Alexander Fleming's accidental discovery of penicillin in 1928, has saved millions of lives by enabling doctors to treat previously fatal bacterial infections, but the overuse and misuse of these drugs has led to the evolution of antibiotic-resistant bacteria that pose an increasingly serious threat to global public health.",ğŸ’ŠğŸ§«:1928 FlemingğŸ§ªâ¡ï¸ğŸŒğŸ’‰.Misuseâš ï¸ğŸ¦ ğŸ†šğŸ’Šâ©ğŸ“‰ğŸŒhealth.,"In 1928, Alexander Fleming discovered penicillin in a laboratory, which eventually revolutionized global medicine and led to the development of life-saving antibiotics. However, the misuse of antibiotics has led to the rise of antibiotic-resistant bacteria, posing a significant threat to global health.",0.15,0.11290322580645161,True,5,372,42,303,330,88.70967741935483,0.9494609236717224,0.12425507298044294,0.375,0.8,0.6246892916976052,Good,"Both sentences convey the core narrative of Alexander Fleming's discovery of penicillin in 1928 and its pivotal role in developing antibiotics that have saved millions of lives. They also both highlight the negative consequence of antibiotic misuse, leading to antibiotic-resistant bacteria that threaten global health. The original sentence emphasizes the accidental nature of the discovery and specifies the impact on previously fatal bacterial infections, while the decompressed version focuses more on the revolutionary impact on global medicine. Despite these minor differences in emphasis and detail, the overall meaning and key information are very similar.",7.214285714285714,0.8145161290322581
19,1751318803.735381,gpt-4o-2024-11-20,openai,"Artificial neural networks inspired by the structure and function of biological neurons use layers of interconnected nodes to process information, with deep learning architectures containing millions or billions of parameters that can learn complex patterns from data through backpropagation algorithms, enabling breakthroughs in computer vision, natural language processing, and game playing.","ğŸ¤–ğŸ§  mimic neuronsâ¡ï¸layers process data. ğŸ§¬ğŸ“š+ğŸ”¢=ğŸš€ in ğŸ‘ï¸,ğŸ—£ï¸ğŸ®.","Artificial intelligence mimics the functioning of neurons by processing data through layers. Combining genetics and knowledge with computational power leads to advancements in vision, language, and gaming.",0.15,0.14249363867684478,True,2,393,56,205,337,85.75063613231552,0.7058808207511902,0.01315895749380471,0.2,0.5,0.40439603772411803,Moderate,"The decompressed sentence captures the general idea that artificial intelligence (AI) is inspired by the functioning of neurons and is used in areas like vision, language, and gaming. However, it loses significant details present in the original sentence. The original specifies ""artificial neural networks"" and ""deep learning architectures"" with ""millions or billions of parameters"" and ""backpropagation algorithms,"" which are crucial for understanding the complexity and specific mechanisms of AI. The decompressed version simplifies these concepts to ""processing data through layers"" and omits the technical details about parameters and algorithms. Additionally, the mention of ""combining genetics and knowledge with computational power"" introduces new elements not present in the original, which shifts the focus and meaning.",3.6607142857142856,0.5216284987277354
