sentence_index,original,compressed,decompressed,achieved_compression_ratio,compression_percentage,composite_score,semantic_interpretation,embedding_similarity,llm_similarity,compression_success,model_used,provider
0,"The ancient Mediterranean trading routes, established by Phoenician merchants around 1200 BCE, fundamentally transformed economic relationships between distant civilizations by enabling the exchange of not only goods like purple dye, cedar wood, and precious metals, but also ideas, technologies, and cultural practices that would shape the development of Western civilization.",~12cBC Phoenicianâ›µï¸ğŸ•¸ï¸ğŸŒğŸ’°:ğŸ“¦â‡„ğŸ’¡/âš™ï¸/ğŸ­â‡’ğŸ›ï¸,"Beginning around the 12th century BC, the seafaring Phoenicians established a vast commercial network across the world, where the exchange of goods also facilitated the transfer of ideas, technology, and culture, which in turn laid the foundation for subsequent civilizations.",0.0928381962864721,90.71618037135278,0.4732723836979449,Moderate,0.7434632778167725,0.7,True,gemini-2.5-pro,gemini
1,"Climate scientists at the International Panel on Climate Change have determined through extensive analysis of ice core samples, satellite temperature measurements, and oceanic thermal data that global average temperatures have risen by approximately 1.1 degrees Celsius since pre-industrial times, with the most dramatic increases occurring in the Arctic regions where permafrost melting is accelerating at unprecedented rates.",IPCC(ğŸ§ŠğŸ›°ï¸ğŸŒŠğŸ“Š)â‡’ğŸŒğŸŒ¡ï¸â†‘~1.1Â°C since pre-ind; Arcticâ†‘â†‘â†‘ & permafrostğŸ’§â©,"Based on comprehensive data analysis of ice, oceans, and satellite observations, the Intergovernmental Panel on Climate Change has concluded that global temperatures have risen by approximately 1.1Â°C since pre-industrial times; the Arctic is warming at a significantly accelerated rate, and its permafrost is thawing rapidly.",0.1451990632318501,85.48009367681499,0.6536236036792082,Good,0.8936611413955688,0.9,True,gemini-2.5-pro,gemini
2,"The human brain's neuroplasticity allows for remarkable adaptation throughout life, as demonstrated by stroke patients who recover speech and motor functions through intensive rehabilitation therapy that essentially rewires neural pathways, creating new connections that bypass damaged areas and restore cognitive abilities previously thought to be permanently lost.","âˆ ğŸ§  plasticity: rehab â†ª stroke dmg, restoring lost fn.","The lifelong plasticity of the brain enables rehabilitation to counteract the damage from a stroke, restoring lost functions.",0.1475409836065573,85.24590163934427,0.4523656042158105,Moderate,0.8074859976768494,0.6,True,gemini-2.5-pro,gemini
3,"Modern cryptocurrency blockchain technology utilizes distributed ledger systems with cryptographic hash functions to create immutable transaction records that are verified by thousands of independent nodes worldwide, eliminating the need for traditional banking intermediaries while consuming enormous amounts of electrical energy in the process.","â‚¿ğŸ”—:ğŸŒğŸ”’ğŸ“œ,ğŸ†šğŸ¦,â˜¹ï¸â«âš¡","Bitcoin's blockchain is a global and secure public ledger that stands in contrast to traditional banks, but a significant drawback is its high energy consumption.",0.0404624277456647,95.95375722543352,0.4024889206735756,Moderate,0.6513822078704834,0.6,True,gemini-2.5-pro,gemini
4,"The James Webb Space Telescope, positioned at the second Lagrange point approximately 1.5 million kilometers from Earth, uses its 6.5-meter segmented mirror and advanced infrared instruments to observe the universe's earliest galaxies, some formed just 400 million years after the Big Bang, providing unprecedented insights into cosmic evolution and star formation processes.","JWST@L2(1.5GmğŸŒ)6.5mâ¬¢IRğŸ”­ğŸ‘€ğŸŒŒ(BB+400Ma)â†’ğŸ’¡ğŸŒŒğŸ“œ,â­ğŸŒ±","The James Webb Space Telescope, an infrared observatory with a 6.5-meter hexagonal mirror positioned 1.5 million kilometers from Earth at the second Lagrange point, observes the early universe approximately 400 million years after the Big Bang to shed light on cosmic history and the formation of stars.",0.112,88.8,0.7329299482535823,Good,0.9445128440856934,0.9,True,gemini-2.5-pro,gemini
5,"Quantum entanglement, described by Einstein as 'spooky action at a distance,' occurs when two particles become correlated in such a way that measuring the quantum state of one particle instantly determines the state of its partner, regardless of the physical distance separating them, challenging our classical understanding of locality and causality in physics.","QE: 2pğŸ”—; measuring 1 âš¡â†’Ïˆâ‚‚ âˆ€Î”x, challenging locality.","Quantum entanglement is the phenomenon where two particles are linked such that measuring one instantaneously determines the state of the other, regardless of the distance separating them, which challenges the principle of locality.",0.143646408839779,85.6353591160221,0.5997661573776982,Moderate,0.854459822177887,0.8,True,gemini-2.5-pro,gemini
6,"The Amazon rainforest ecosystem supports over 400 billion individual trees representing approximately 16,000 different species, creates roughly 20% of the world's oxygen, and serves as home to an estimated 10% of Earth's biodiversity, while also playing a crucial role in global climate regulation through its massive carbon storage capacity.","AmazonğŸŒ³: >400BğŸŒ´/16k spp, â†’20%ğŸŒOâ‚‚, 10%ğŸŒğŸ§¬, keyğŸŒC-sink","The Amazon rainforest is home to more than 400 billion trees and 16,000 species, produces 20% of the Earth's oxygen, contains 10% of the world's biodiversity, and is a key global carbon sink.",0.1491228070175438,85.08771929824562,0.6576519274549203,Good,0.9163529872894288,0.9,True,gemini-2.5-pro,gemini
7,"Machine learning algorithms trained on vast datasets of human language can now generate coherent text, translate between languages, answer complex questions, and even write computer code, but they fundamentally operate through statistical pattern recognition rather than true understanding, raising philosophical questions about the nature of intelligence and consciousness.",LLMs:ğŸ—£ï¸âœï¸ğŸ’» via ğŸ“ˆğŸ•¸ï¸ patterns. Not true ğŸ¤” âˆ´ Î¦(ğŸ§ &C)?,"While Large Language Models generate language and code by recognizing statistical patterns within their neural networks, this is not genuine cognition, which therefore raises the question of whether they lack the consciousness that arises from a biological mind.",0.1310160427807486,86.89839572192514,0.4176815010643965,Moderate,0.5840351581573486,0.7,True,gemini-2.5-pro,gemini
8,"The Great Pacific Garbage Patch, a massive accumulation of plastic debris floating in the North Pacific Ocean between Hawaii and California, covers an area larger than twice the size of Texas and contains an estimated 80,000 metric tons of plastic waste that poses severe threats to marine life through ingestion, entanglement, and toxic chemical leaching.","NğŸŒŠğŸ—‘ï¸(HI-CA) >2xTX ~80kt ğŸŸ(ğŸ½ï¸,ğŸ•¸ï¸,ğŸ§ª)â˜ ï¸","The North Pacific garbage patch, located in the ocean between Hawaii and California, is now more than twice the size of Texas with an estimated weight of 80,000 tons, and it is killing marine life through the ingestion of plastic, entanglement in debris, and chemical poisoning.",0.1011235955056179,89.8876404494382,0.7159962924860395,Good,0.9173129200935364,0.9,True,gemini-2.5-pro,gemini
9,"CRISPR-Cas9 gene editing technology allows scientists to make precise modifications to DNA sequences by using a guide RNA to direct the Cas9 enzyme to specific genomic locations where it cuts the double helix, enabling researchers to delete, insert, or replace genetic material with unprecedented accuracy and potentially cure inherited diseases.","CRISPR:gRNAğŸ§­C9âœ‚ï¸âœ¨ğŸ¯ğŸ§¬â‡’â–â•ğŸ”„,~âš•ï¸ğŸ§¬ğŸ’”","The CRISPR-Cas9 system utilizes a guide RNA to navigate the Cas9 enzyme to a specific target on a DNA strand, where it makes a precise cut, which enables the removal, addition, or replacement of genetic material, holding therapeutic promise for correcting genetic diseases.",0.0838150289017341,91.6184971098266,0.611006757424392,Good,0.8869946002960205,0.9,True,gemini-2.5-pro,gemini
10,"The ancient Library of Alexandria, established in the 3rd century BCE during the Ptolemaic dynasty, represented humanity's first attempt at universal knowledge collection, housing an estimated 400,000 to 700,000 scrolls on subjects ranging from mathematics and astronomy to medicine and literature, before its gradual decline and eventual destruction over several centuries.","ğŸ›ï¸â˜¥-3C:1Ë¢áµ—ğŸŒğŸ“š,âˆ€ğŸ“œ4-700k.ğŸ“‰â¡ï¸ğŸ”¥â³","The Library of Alexandria, founded in Egypt during the 3rd century BC, was the first universal library in the world, holding an estimated 400,000 to 700,000 scrolls before its eventual decline and destruction by fire over time.",0.0721925133689839,92.7807486631016,0.6049242213628035,Good,0.8841164112091064,0.8,True,gemini-2.5-pro,gemini
11,"Photosynthesis, the fundamental biological process that converts carbon dioxide and water into glucose using sunlight energy captured by chlorophyll molecules, not only provides the chemical energy that powers most life on Earth but also produces the oxygen that makes aerobic respiration possible for complex multicellular organisms.","COâ‚‚+Hâ‚‚O --(â˜€ï¸,ğŸŒ¿)â†’ Câ‚†Hâ‚â‚‚Oâ‚†(âš¡ï¸ğŸŒ) + Oâ‚‚(â†’ğŸ«)","Using energy from sunlight, plants convert carbon dioxide and water into glucose, which provides the chemical energy for life on Earth, and oxygen, which is subsequently released for respiration.",0.1167664670658682,88.32335329341318,0.6201486584319232,Good,0.8644771575927734,0.8,True,gemini-2.5-pro,gemini
12,"The Manhattan Project, a top-secret research and development program during World War II, brought together over 130,000 workers and scientists across multiple sites in the United States to develop the world's first nuclear weapons, culminating in the atomic bombs dropped on Hiroshima and Nagasaki and fundamentally altering international relations and military strategy.","WWII's ğŸ¤«M-Proj: >130kğŸ‘¥ in ğŸ‡ºğŸ‡¸â†’1Ë¢áµ— âš›ï¸ğŸ’£; ğŸ¯H&N, ğŸ”„ğŸŒğŸ¤âš”ï¸.","During World War II, the secret Manhattan Project involved over 130,000 personnel in the United States to develop the first atomic bomb; its targeting of Hiroshima and Nagasaki fundamentally reshaped global geopolitics and the nature of warfare.",0.1347708894878706,86.52291105121293,0.6146869264991565,Good,0.892633855342865,0.8,True,gemini-2.5-pro,gemini
13,"Social media algorithms designed to maximize user engagement often create echo chambers by preferentially showing content that confirms existing beliefs and biases, leading to increased political polarization, reduced exposure to diverse viewpoints, and the rapid spread of misinformation that can have serious consequences for democratic discourse and public health.","SoMeâš™ï¸â†’echo(âœ“ğŸ§ )â†’â†‘polâš”ï¸,â†“ğŸ‘ï¸â€ğŸ—¨ï¸,â©ğŸ¤¥â†’â˜ ï¸ğŸ›ï¸&ğŸ¥","The way social media operates creates echo chambers that validate existing beliefs, which in turn leads to increased political polarization, a decline in public discourse, and the rapid spread of misinformation, ultimately causing the decay of governmental and public health institutions.",0.106267029972752,89.3732970027248,0.5912552163965483,Moderate,0.8316026926040649,0.7,True,gemini-2.5-pro,gemini
14,"The human microbiome, consisting of trillions of bacteria, viruses, fungi, and other microorganisms living in and on our bodies, plays essential roles in digestion, immune system function, mental health, and disease resistance, with recent research suggesting that disruptions to this microbial ecosystem may contribute to conditions ranging from obesity to depression.","ğŸ§â€â™€ï¸ğŸ¦ : ğŸ”‘ for digestion, ğŸ›¡ï¸, ğŸ§ . Imbalanceâ†¯ â†’ obesity, ğŸ˜”.","The human microbiome is essential for digestion, immune defense, and brain function; an imbalance can lead to conditions such as obesity and depression.",0.1490514905149051,85.09485094850947,0.5415035286623663,Moderate,0.9013510942459106,0.7,True,gemini-2.5-pro,gemini
15,"Renewable energy technologies including solar photovoltaic panels, wind turbines, and hydroelectric generators have experienced dramatic cost reductions over the past decade, making clean electricity cheaper than fossil fuels in many markets and offering a viable pathway to reduce greenhouse gas emissions while meeting growing global energy demands.","~10y: â™»ï¸(â˜€ï¸,ğŸŒ¬ï¸,ğŸ’§) ğŸ’°â†“â†“ â‡’ âš¡ï¸<â›½ï¸ â†’ COâ‚‚â†“ & meet ğŸŒâš¡ï¸â†‘","Over the past decade, the cost of renewable energy sources like solar, wind, and hydropower has dropped significantly, making electricity from these sources cheaper than fossil fuels, which in turn leads to lower carbon dioxide emissions while helping to meet rising global energy demands.",0.1367521367521367,86.32478632478633,0.6545156665986921,Good,0.8485260009765625,0.9,True,gemini-2.5-pro,gemini
16,"The discovery of DNA's double helix structure by Watson, Crick, Franklin, and Wilkins in 1953 revolutionized biology by revealing how genetic information is stored, replicated, and transmitted across generations, laying the foundation for molecular biology, biotechnology, and our modern understanding of heredity, evolution, and genetic diseases.",1953:WCFW ğŸ”ğŸ“œ ğŸ§¬'s â„¹ï¸â†’ â‡’ modern bio's ğŸ§±,"In 1953, the paper by Watson and Crick revealing the structure of DNA provided the foundational building block for modern biology.",0.1066282420749279,89.33717579250721,0.4305060598449012,Moderate,0.7811431884765625,0.5,True,gemini-2.5-pro,gemini
17,"Urban heat islands, caused by the replacement of natural vegetation with concrete, asphalt, and buildings that absorb and retain solar energy, can make cities 2-5 degrees Celsius warmer than surrounding rural areas, exacerbating air conditioning energy use, air pollution, and heat-related health problems, particularly affecting low-income communities.","UHI:ğŸŒ³â†’ğŸ§±(ğŸ“¥â˜€ï¸)â†’ğŸ™ï¸+2-5Â°C>ğŸŒ³â†’â†‘ACâš¡,ğŸ’¨,ğŸ¥ğŸ’”,harmsğŸ™most","The Urban Heat Island effect, where replacing natural land cover with buildings and pavement that absorb solar energy causes cities to become 2-5Â°C warmer than surrounding rural areas, leads to increased energy consumption for air conditioning, worse air pollution, and negative health outcomes like heat-related mortality that disproportionately harm the most vulnerable populations.",0.1246458923512747,87.53541076487252,0.6757850480917511,Good,0.8947487473487854,0.9,True,gemini-2.5-pro,gemini
18,"The development of antibiotics, beginning with Alexander Fleming's accidental discovery of penicillin in 1928, has saved millions of lives by enabling doctors to treat previously fatal bacterial infections, but the overuse and misuse of these drugs has led to the evolution of antibiotic-resistant bacteria that pose an increasingly serious threat to global public health.","Abx saved M, but overuseâ†’resistance, now a ğŸŒ health â˜£ï¸.","Although antibiotics have saved countless lives, their overuse has led to widespread resistance, which now poses a global health crisis.",0.1478494623655914,85.21505376344086,0.4619261528168967,Moderate,0.7066750526428223,0.7,True,gemini-2.5-pro,gemini
19,"Artificial neural networks inspired by the structure and function of biological neurons use layers of interconnected nodes to process information, with deep learning architectures containing millions or billions of parameters that can learn complex patterns from data through backpropagation algorithms, enabling breakthroughs in computer vision, natural language processing, and game playing.","ANNs/DLğŸ§ (â˜°ğŸ•¸ï¸, 10â¹+Î¸) learn ğŸ“ˆ â†backprop â‡’ğŸš€ in ğŸ‘€/ğŸ—£ï¸/ğŸ®","Artificial Neural Networks, specifically Deep Learning models, which are characterized by multi-layered complex architectures containing over a billion parameters, learn and improve by using the backpropagation algorithm, resulting in major breakthroughs in fields like computer vision, speech recognition, and game playing.",0.1297709923664122,87.02290076335878,0.6159985318797767,Good,0.8597915768623352,0.8,True,gemini-2.5-pro,gemini
