"Zeitstempel","Sentence 1:

The ancient Mediterranean trading routes, established by Phoenician merchants around 1200 BCE, fundamentally transformed economic relationships between distant civilizations by enabling the exchange of not only goods like purple dye, cedar wood, and precious metals, but also ideas, technologies, and cultural practices that would shape the development of Western civilization.

Sentence 2:

Beginning around the 12th century BC, the seafaring Phoenicians established a vast commercial network across the world, where the exchange of goods also facilitated the transfer of ideas, technology, and culture, which in turn laid the foundation for subsequent civilizations.
","Which sentence did you prefer of the two?","Sentence 1: 

Climate scientists at the International Panel on Climate Change have determined through extensive analysis of ice core samples, satellite temperature measurements, and oceanic thermal data that global average temperatures have risen by approximately 1.1 degrees Celsius since pre-industrial times, with the most dramatic increases occurring in the Arctic regions where permafrost melting is accelerating at unprecedented rates.

Sentence 2:

Based on comprehensive data analysis of ice, oceans, and satellite observations, the Intergovernmental Panel on Climate Change has concluded that global temperatures have risen by approximately 1.1Â°C since pre-industrial times; the Arctic is warming at a significantly accelerated rate, and its permafrost is thawing rapidly.
","Which sentence did you prefer of the two?","Sentence 1: 

The human brain's neuroplasticity allows for remarkable adaptation throughout life, as demonstrated by stroke patients who recover speech and motor functions through intensive rehabilitation therapy that essentially rewires neural pathways, creating new connections that bypass damaged areas and restore cognitive abilities previously thought to be permanently lost.

Sentence 2: 

The lifelong plasticity of the brain enables rehabilitation to counteract the damage from a stroke, restoring lost functions.
","Which sentence did you prefer of the two?","Sentence 1:

CRISPR-Cas9 gene editing technology allows scientists to make precise modifications to DNA sequences by using a guide RNA to direct the Cas9 enzyme to specific genomic locations where it cuts the double helix, enabling researchers to delete, insert, or replace genetic material with unprecedented accuracy and potentially cure inherited diseases.

Sentence 2:

The CRISPR-Cas9 system utilizes a guide RNA to navigate the Cas9 enzyme to a specific target on a DNA strand, where it makes a precise cut, which enables the removal, addition, or replacement of genetic material, holding therapeutic promise for correcting genetic diseases.
","Which sentence did you prefer of the two?","Sentence 1:

The Manhattan Project, a top-secret research and development program during World War II, brought together over 130,000 workers and scientists across multiple sites in the United States to develop the world's first nuclear weapons, culminating in the atomic bombs dropped on Hiroshima and Nagasaki and fundamentally altering international relations and military strategy.

Sentence 2:

During World War II, the secret Manhattan Project involved over 130,000 personnel in the United States to develop the first atomic bomb; its targeting of Hiroshima and Nagasaki fundamentally reshaped global geopolitics and the nature of warfare.
","Which sentence did you prefer of the two?"
"2025/07/01 3:50:15 PM OESZ","Somewhat similar in meaning","Sentence 1","Extremely similar in meaning","Sentence 2","Loosely connected","Sentence 1","Somewhat similar in meaning","Sentence 1","Adjacent in meaning","Sentence 1"
"2025/07/01 3:52:38 PM OESZ","Extremely similar in meaning","Sentence 1","Extremely similar in meaning","Sentence 1","Somewhat similar in meaning","Sentence 1","Extremely similar in meaning","Sentence 1","Extremely similar in meaning","Sentence 2"
"2025/07/01 3:54:02 PM OESZ","Somewhat similar in meaning","Sentence 1","Somewhat similar in meaning","Sentence 2","Loosely connected","Sentence 1","Somewhat similar in meaning","Sentence 2","Extremely similar in meaning","Sentence 1"
"2025/07/01 3:54:12 PM OESZ","Somewhat similar in meaning","Sentence 1","Somewhat similar in meaning","Sentence 1","Adjacent in meaning","Sentence 1","Somewhat similar in meaning","Sentence 1","Extremely similar in meaning","Sentence 1"
"2025/07/01 3:54:18 PM OESZ","Extremely similar in meaning","Sentence 2","Extremely similar in meaning","Sentence 2","Somewhat similar in meaning","Sentence 1","Extremely similar in meaning","Sentence 2","Extremely similar in meaning","Sentence 1"
"2025/07/01 3:54:24 PM OESZ","Somewhat similar in meaning","Sentence 1","Extremely similar in meaning","Sentence 1","Adjacent in meaning","Sentence 1","Somewhat similar in meaning","Sentence 2","Extremely similar in meaning","Sentence 1"
"2025/07/01 3:54:26 PM OESZ","Adjacent in meaning","Sentence 1","Somewhat similar in meaning","Sentence 1","Loosely connected","Sentence 1","Somewhat similar in meaning","Sentence 1","Adjacent in meaning","Sentence 1"
"2025/07/01 3:55:11 PM OESZ","Extremely similar in meaning","Sentence 1","Adjacent in meaning","Sentence 1","Somewhat similar in meaning","Sentence 2","Somewhat similar in meaning","Sentence 1","Somewhat similar in meaning","Sentence 1"
"2025/07/01 3:55:13 PM OESZ","Somewhat similar in meaning","Sentence 1","Extremely similar in meaning","Sentence 2","Extremely similar in meaning","Sentence 1","Adjacent in meaning","Sentence 2","Extremely similar in meaning","Sentence 1"
"2025/07/01 3:55:18 PM OESZ","Somewhat similar in meaning","Sentence 1","Extremely similar in meaning","Sentence 2","Somewhat similar in meaning","Sentence 1","Loosely connected","Sentence 1","Somewhat similar in meaning","Sentence 2"
"2025/07/01 3:55:19 PM OESZ","Adjacent in meaning","Sentence 1","Somewhat similar in meaning","Sentence 1","Not connected at all","Sentence 1","Somewhat similar in meaning","Sentence 1","Somewhat similar in meaning","Sentence 1"
"2025/07/01 3:55:21 PM OESZ","Somewhat similar in meaning","Sentence 2","Somewhat similar in meaning","Sentence 1","Loosely connected","Sentence 1","Somewhat similar in meaning","Sentence 1","Somewhat similar in meaning","Sentence 1"
"2025/07/01 3:55:26 PM OESZ","Somewhat similar in meaning","Sentence 2","Extremely similar in meaning","Sentence 2","Somewhat similar in meaning","Sentence 1","Extremely similar in meaning","Sentence 1","Extremely similar in meaning","Sentence 2"
"2025/07/01 3:55:30 PM OESZ","Somewhat similar in meaning","Sentence 1","Somewhat similar in meaning","Sentence 1","Adjacent in meaning","Sentence 1","Extremely similar in meaning","Sentence 1","Extremely similar in meaning","Sentence 1"
"2025/07/01 3:55:39 PM OESZ","Somewhat similar in meaning","Sentence 1","Somewhat similar in meaning","Sentence 1","Adjacent in meaning","Sentence 1","Extremely similar in meaning","Sentence 2","Somewhat similar in meaning","Sentence 1"
"2025/07/01 3:55:47 PM OESZ","Extremely similar in meaning","Sentence 1","Extremely similar in meaning","Sentence 1","Adjacent in meaning","Sentence 1","Extremely similar in meaning","Sentence 2","Extremely similar in meaning","Sentence 2"
"2025/07/01 3:55:49 PM OESZ","Extremely similar in meaning","Sentence 1","Extremely similar in meaning","Sentence 2","Somewhat similar in meaning","Sentence 1","Somewhat similar in meaning","Sentence 2","Extremely similar in meaning","Sentence 1"
"2025/07/01 3:55:57 PM OESZ","Somewhat similar in meaning","Sentence 1","Extremely similar in meaning","Sentence 2","Somewhat similar in meaning","Sentence 1","Extremely similar in meaning","Sentence 1","Extremely similar in meaning","Sentence 1"
"2025/07/01 3:56:01 PM OESZ","Somewhat similar in meaning","Sentence 1","Extremely similar in meaning","Sentence 2","Loosely connected","Sentence 1","Extremely similar in meaning","Sentence 2","Somewhat similar in meaning","Sentence 1"
"2025/07/01 3:56:24 PM OESZ","Extremely similar in meaning","Sentence 1","Extremely similar in meaning","Sentence 1","Somewhat similar in meaning","Sentence 1","Extremely similar in meaning","Sentence 1","Somewhat similar in meaning","Sentence 2"
"2025/07/01 3:56:36 PM OESZ","Adjacent in meaning","Sentence 2","Somewhat similar in meaning","Sentence 1","Somewhat similar in meaning","Sentence 2","Somewhat similar in meaning","Sentence 2","Adjacent in meaning","Sentence 1"
"2025/07/01 3:56:45 PM OESZ","Extremely similar in meaning","Sentence 1","Extremely similar in meaning","Sentence 2","Somewhat similar in meaning","Sentence 1","Extremely similar in meaning","Sentence 2","Extremely similar in meaning","Sentence 1"
"2025/07/01 3:57:01 PM OESZ","Somewhat similar in meaning","Sentence 2","Adjacent in meaning","Sentence 1","Somewhat similar in meaning","Sentence 1","Extremely similar in meaning","Sentence 2","Extremely similar in meaning","Sentence 2"
"2025/07/01 3:57:02 PM OESZ","Somewhat similar in meaning","Sentence 1","Somewhat similar in meaning","Sentence 1","Somewhat similar in meaning","Sentence 1","Somewhat similar in meaning","Sentence 1","Somewhat similar in meaning","Sentence 1"
"2025/07/01 3:57:12 PM OESZ","Extremely similar in meaning","Sentence 1","Extremely similar in meaning","Sentence 2","Extremely similar in meaning","Sentence 1","Extremely similar in meaning","Sentence 2","Extremely similar in meaning","Sentence 1"
"2025/07/01 3:57:15 PM OESZ","Somewhat similar in meaning","Sentence 2","Extremely similar in meaning","Sentence 2","Somewhat similar in meaning","Sentence 1","Adjacent in meaning","Sentence 1","Somewhat similar in meaning","Sentence 1"
"2025/07/01 3:57:17 PM OESZ","Extremely similar in meaning","Sentence 2","Extremely similar in meaning","Sentence 2","Extremely similar in meaning","Sentence 1","Somewhat similar in meaning","Sentence 1","Somewhat similar in meaning","Sentence 2"
"2025/07/01 3:57:20 PM OESZ","Loosely connected","Sentence 1","Somewhat similar in meaning","Sentence 2","Adjacent in meaning","Sentence 1","Somewhat similar in meaning","Sentence 2","Extremely similar in meaning","Sentence 2"
"2025/07/01 3:57:23 PM OESZ","Somewhat similar in meaning","Sentence 1","Somewhat similar in meaning","Sentence 2","Somewhat similar in meaning","Sentence 2","Extremely similar in meaning","Sentence 1","Extremely similar in meaning","Sentence 2"
"2025/07/01 3:57:23 PM OESZ","Somewhat similar in meaning","Sentence 2","Extremely similar in meaning","Sentence 2","Extremely similar in meaning","Sentence 2","Somewhat similar in meaning","Sentence 2","Extremely similar in meaning","Sentence 2"
"2025/07/01 3:57:26 PM OESZ","Somewhat similar in meaning","Sentence 2","Somewhat similar in meaning","Sentence 2","Somewhat similar in meaning","Sentence 2","Extremely similar in meaning","Sentence 2","Extremely similar in meaning","Sentence 2"
"2025/07/01 3:57:29 PM OESZ","Somewhat similar in meaning","Sentence 2","Somewhat similar in meaning","Sentence 1","Loosely connected","Sentence 2","Somewhat similar in meaning","Sentence 2","Somewhat similar in meaning","Sentence 2"
"2025/07/01 3:57:49 PM OESZ","Extremely similar in meaning","Sentence 2","Extremely similar in meaning","Sentence 2","Somewhat similar in meaning","Sentence 2","Extremely similar in meaning","Sentence 2","Extremely similar in meaning","Sentence 2"
"2025/07/01 3:57:52 PM OESZ","Extremely similar in meaning","Sentence 2","Somewhat similar in meaning","Sentence 2","Adjacent in meaning","Sentence 2","Extremely similar in meaning","Sentence 2","Somewhat similar in meaning","Sentence 1"
"2025/07/01 3:58:08 PM OESZ","Somewhat similar in meaning","Sentence 2","Somewhat similar in meaning","Sentence 2","Somewhat similar in meaning","Sentence 2","Adjacent in meaning","Sentence 1","Somewhat similar in meaning","Sentence 1"
"2025/07/01 3:58:52 PM OESZ","Somewhat similar in meaning","Sentence 1","Somewhat similar in meaning","Sentence 2","Loosely connected","Sentence 1","Somewhat similar in meaning","Sentence 2","Somewhat similar in meaning","Sentence 1"
"2025/07/01 3:59:00 PM OESZ","Somewhat similar in meaning","Sentence 1","Loosely connected","Sentence 1","Loosely connected","Sentence 1","Extremely similar in meaning","Sentence 1","Somewhat similar in meaning","Sentence 1"
"2025/07/01 3:59:04 PM OESZ","Extremely similar in meaning","Sentence 1","Somewhat similar in meaning","Sentence 1","Somewhat similar in meaning","Sentence 2","Adjacent in meaning","Sentence 1","Somewhat similar in meaning","Sentence 1"
"2025/07/01 3:59:04 PM OESZ","Somewhat similar in meaning","Sentence 2","Extremely similar in meaning","Sentence 2","Adjacent in meaning","Sentence 1","Adjacent in meaning","Sentence 1","Adjacent in meaning","Sentence 1"
"2025/07/01 3:59:12 PM OESZ","Extremely similar in meaning","Sentence 2","Extremely similar in meaning","Sentence 1","Adjacent in meaning","Sentence 1","Extremely similar in meaning","Sentence 2","Extremely similar in meaning","Sentence 1"
"2025/07/01 3:59:40 PM OESZ","Loosely connected","Sentence 1","Somewhat similar in meaning","Sentence 1","Somewhat similar in meaning","Sentence 1","Extremely similar in meaning","Sentence 1","Extremely similar in meaning","Sentence 2"
"2025/07/01 4:00:30 PM OESZ","Somewhat similar in meaning","Sentence 1","Extremely similar in meaning","Sentence 2","Somewhat similar in meaning","Sentence 2","Extremely similar in meaning","Sentence 2","Extremely similar in meaning","Sentence 2"
"2025/07/01 4:00:46 PM OESZ","Extremely similar in meaning","Sentence 1","Extremely similar in meaning","Sentence 2","Extremely similar in meaning","Sentence 1","Extremely similar in meaning","Sentence 2","Extremely similar in meaning","Sentence 1"
"2025/07/01 4:01:53 PM OESZ","Extremely similar in meaning","Sentence 2","Extremely similar in meaning","Sentence 2","Extremely similar in meaning","Sentence 2","Extremely similar in meaning","Sentence 2","Extremely similar in meaning","Sentence 2"
"2025/07/01 4:02:57 PM OESZ","Somewhat similar in meaning","Sentence 1","Extremely similar in meaning","Sentence 1","Loosely connected","Sentence 1","Extremely similar in meaning","Sentence 1","Extremely similar in meaning","Sentence 1"
"2025/07/01 4:03:03 PM OESZ","Extremely similar in meaning","Sentence 1","Extremely similar in meaning","Sentence 2","Adjacent in meaning","Sentence 1","Extremely similar in meaning","Sentence 1","Extremely similar in meaning","Sentence 1"
"2025/07/01 4:03:11 PM OESZ","Somewhat similar in meaning","Sentence 2","Somewhat similar in meaning","Sentence 1","Adjacent in meaning","Sentence 2","Somewhat similar in meaning","Sentence 2","Somewhat similar in meaning","Sentence 1"
"2025/07/01 4:04:19 PM OESZ","Extremely similar in meaning","Sentence 1","Extremely similar in meaning","Sentence 2","Extremely similar in meaning","Sentence 1","Extremely similar in meaning","Sentence 2","Extremely similar in meaning","Sentence 1"
"2025/07/01 4:05:50 PM OESZ","Loosely connected","Sentence 1","Extremely similar in meaning","Sentence 1","Somewhat similar in meaning","Sentence 1","Somewhat similar in meaning","Sentence 1","Somewhat similar in meaning","Sentence 1"
"2025/07/01 4:12:17 PM OESZ","Loosely connected","Sentence 1","Somewhat similar in meaning","Sentence 1","Somewhat similar in meaning","Sentence 1","Somewhat similar in meaning","Sentence 1","Loosely connected","Sentence 2"