sentence_index,timestamp,model_used,provider,original,compressed,decompressed,target_compression_ratio,achieved_compression_ratio,compression_success,compression_attempts,original_length,compressed_length,decompressed_length,characters_saved,compression_percentage,embedding_similarity,bleu_score,keyword_preservation,llm_similarity,composite_score,semantic_interpretation,llm_analysis,expansion_ratio,recovery_ratio
0,1751318608.92047,gpt-4o-2024-11-20,openai,"The ancient Mediterranean trading routes, established by Phoenician merchants around 1200 BCE, fundamentally transformed economic relationships between distant civilizations by enabling the exchange of not only goods like purple dye, cedar wood, and precious metals, but also ideas, technologies, and cultural practices that would shape the development of Western civilization.",ğŸŒğŸ“œPhoenicians (1200 BCE): ğŸ›³ï¸ğŸ’±ğŸ”„ğŸ› ï¸ğŸ“šğŸ­â†’ğŸŒğŸ“– Western roots.,"The Phoenicians, around 1200 BCE, were skilled seafarers and traders who facilitated the exchange of goods, tools, knowledge, and cultural practices, including writing and art, which significantly influenced the foundational development of Western civilization.",0.15,0.1379310344827586,True,4,377,52,261,325,86.20689655172413,0.7296844720840454,0.1670447592698599,0.2413793103448276,0.7,0.5105901555481511,Moderate,"Both sentences discuss the role of the Phoenicians around 1200 BCE in facilitating trade and cultural exchange that influenced Western civilization. Key elements such as the timeframe, the Phoenicians' role as traders, and the impact on Western civilization are preserved. However, the original sentence emphasizes the transformation of economic relationships and specifies goods like purple dye, cedar wood, and precious metals, which are not mentioned in the decompressed version. The decompressed sentence adds details about the Phoenicians being skilled seafarers and includes specific cultural elements like writing and art, which are not explicitly mentioned in the original. Overall, while the core idea of cultural and economic influence is maintained, there are differences in the specifics of what was exchanged and the emphasis on certain aspects.",5.019230769230769,0.6923076923076923
1,1751318618.732793,gpt-4o-2024-11-20,openai,"Climate scientists at the International Panel on Climate Change have determined through extensive analysis of ice core samples, satellite temperature measurements, and oceanic thermal data that global average temperatures have risen by approximately 1.1 degrees Celsius since pre-industrial times, with the most dramatic increases occurring in the Arctic regions where permafrost melting is accelerating at unprecedented rates.",IPCC: ğŸŒâ†‘1.1Â°C vs pre-industrial; â„ï¸Arctic warming fastest.,"The Intergovernmental Panel on Climate Change (IPCC) reports that the Earth's average temperature has risen by 1.1 degrees Celsius compared to pre-industrial levels, with the Arctic experiencing the fastest rate of warming.",0.15,0.1358313817330211,True,2,427,58,223,369,86.41686182669788,0.7225567102432251,0.0772526033147154,0.2777777777777778,0.7,0.4977730892914662,Moderate,"The decompressed sentence retains the core information that the Earth's average temperature has increased by 1.1 degrees Celsius since pre-industrial times and highlights the Arctic as the region experiencing the fastest warming. However, it omits several details from the original sentence, such as the specific sources of data used by the scientists (ice core samples, satellite temperature measurements, and oceanic thermal data) and the mention of permafrost melting at unprecedented rates. These omissions result in a loss of context and specificity, leading to a generally similar meaning but with some information lost.",3.844827586206896,0.522248243559719
2,1751318627.574922,gpt-4o-2024-11-20,openai,"The human brain's neuroplasticity allows for remarkable adaptation throughout life, as demonstrated by stroke patients who recover speech and motor functions through intensive rehabilitation therapy that essentially rewires neural pathways, creating new connections that bypass damaged areas and restore cognitive abilities previously thought to be permanently lost.",ğŸ§ â†”ï¸ğŸ”„=adapt; rewiresâ¡ï¸restoreâš™ï¸+lost functions.,"The brain has the ability to adapt and rewire itself, enabling the restoration of lost functions.",0.15,0.1256830601092896,True,2,366,46,97,320,87.43169398907104,0.7213769555091858,0.0029045762341025,0.088235294117647,0.5,0.3846410607231056,Poor,"The decompressed sentence captures the general concept of the brain's ability to adapt and rewire itself, which is a key aspect of neuroplasticity. However, it lacks several specific details present in the original sentence. The original mentions the context of stroke patients, the recovery of speech and motor functions, the role of intensive rehabilitation therapy, and the creation of new neural connections to bypass damaged areas. These details are significant in illustrating the process and implications of neuroplasticity, and their absence in the decompressed sentence results in a partial similarity with significant information differences.",2.108695652173913,0.2650273224043716
3,1751318638.940913,gpt-4o-2024-11-20,openai,"Modern cryptocurrency blockchain technology utilizes distributed ledger systems with cryptographic hash functions to create immutable transaction records that are verified by thousands of independent nodes worldwide, eliminating the need for traditional banking intermediaries while consuming enormous amounts of electrical energy in the process.",â›“ï¸+ğŸŒğŸ“œ+ğŸ”’â¡ï¸ğŸ“ŠğŸ”âœ”ï¸â™¾ï¸ğŸ”„ğŸ¦âŒâš¡â¬†ï¸,"The interconnected global system of agreements and secure protocols leads to data encryption, ensuring infinite cycles of secure transactions without disruptions, while enhancing financial stability and efficiency.",0.15,0.0606936416184971,True,2,346,21,214,325,93.9306358381503,0.5576177835464478,0.0061605148250196,0.0,0.3,0.2585174380289382,Poor,"The two sentences discuss different aspects of financial technology systems. The original sentence focuses on the specific characteristics of cryptocurrency blockchain technology, emphasizing the use of distributed ledger systems, cryptographic hash functions, and the role of independent nodes in verifying transactions. It also highlights the elimination of traditional banking intermediaries and the high energy consumption associated with these processes. In contrast, the decompressed sentence speaks more generally about a global system of agreements and secure protocols, mentioning data encryption and secure transactions, but it lacks specific references to blockchain technology, distributed ledgers, or the energy consumption aspect. The decompressed sentence also introduces concepts like financial stability and efficiency, which are not present in the original. Overall, the core details and technical specifics of blockchain technology are lost, resulting in a low semantic similarity score.",10.19047619047619,0.6184971098265896
4,1751318650.2913542,gpt-4o-2024-11-20,openai,"The James Webb Space Telescope, positioned at the second Lagrange point approximately 1.5 million kilometers from Earth, uses its 6.5-meter segmented mirror and advanced infrared instruments to observe the universe's earliest galaxies, some formed just 400 million years after the Big Bang, providing unprecedented insights into cosmic evolution and star formation processes.",JWST@L2(1.5Mkm)ğŸ”­6.5m+IR sees 400Myr post-ğŸ…±ï¸ğŸŒŒâ†’cosmic evo.,"The James Webb Space Telescope, positioned at the second Lagrange point approximately 1.5 million kilometers from Earth, with its 6.5-meter infrared mirror, observes the universe as it appeared 400 million years after the Big Bang, providing insights into cosmic evolution.",0.15,0.1493333333333333,True,3,375,56,273,319,85.06666666666666,0.9420849084854126,0.5055011325001006,0.6363636363636364,0.7,0.7209984263183712,Good,"The decompressed sentence retains the core information about the James Webb Space Telescope's position at the second Lagrange point, its distance from Earth, and its role in observing the universe shortly after the Big Bang to provide insights into cosmic evolution. However, it loses specific details about the telescope's segmented mirror design, the advanced infrared instruments, the focus on observing the universe's earliest galaxies, and the aspect of star formation processes. These omissions result in a generally similar meaning but with some loss of detailed information.",4.875,0.728
5,1751318661.740778,gpt-4o-2024-11-20,openai,"Quantum entanglement, described by Einstein as 'spooky action at a distance,' occurs when two particles become correlated in such a way that measuring the quantum state of one particle instantly determines the state of its partner, regardless of the physical distance separating them, challenging our classical understanding of locality and causality in physics.","âš›ï¸ğŸ”—Quantum entanglement defies ğŸ•’ğŸ“, enabling instantğŸŒŒ.","Quantum entanglement defies the constraints of time and space, enabling instantaneous connections across the universe.",0.15,0.1464088397790055,True,7,362,53,118,309,85.35911602209944,0.6736001372337341,0.0029081219166353,0.0769230769230769,0.5,0.3680462809380627,Poor,"The decompressed sentence captures the core concept of quantum entanglement as involving instantaneous connections across distances, which aligns with the original sentence's description of particles being correlated regardless of distance. However, it lacks specific details present in the original, such as the mention of Einstein's description, the process of measuring quantum states, and the challenge to classical physics concepts like locality and causality. The decompressed version simplifies and generalizes the concept, resulting in significant information loss regarding the scientific context and implications.",2.2264150943396226,0.3259668508287293
6,1751318673.970978,gpt-4o-2024-11-20,openai,"The Amazon rainforest ecosystem supports over 400 billion individual trees representing approximately 16,000 different species, creates roughly 20% of the world's oxygen, and serves as home to an estimated 10% of Earth's biodiversity, while also playing a crucial role in global climate regulation through its massive carbon storage capacity.","ğŸŒ³Amazon:$400B,16KğŸ¦œ,10%ğŸŒbio,20%ğŸŒ¬ï¸Oâ‚‚,â™»ï¸COâ‚‚,ğŸŒ¡ï¸â†”ï¸","The Amazon rainforest, valued at $400 billion, is home to 16,000 species of parrots and contributes 10% of the Earth's biodiversity. It produces 20% of the planet's oxygen, recycles carbon dioxide, and plays a crucial role in regulating global temperatures.",0.15,0.131578947368421,True,4,342,45,257,297,86.8421052631579,0.7515591979026794,0.1735169389817054,0.4137931034482758,0.4,0.4629297678568,Moderate,"The decompressed sentence retains some key elements from the original, such as the Amazon rainforest's contribution to 10% of Earth's biodiversity, its production of 20% of the world's oxygen, and its role in regulating global climate. However, there are significant inaccuracies and omissions. The original mentions ""over 400 billion individual trees"" and ""approximately 16,000 different species,"" while the decompressed version incorrectly states ""16,000 species of parrots"" and assigns a monetary value of ""$400 billion"" to the rainforest, which is not present in the original. Additionally, the original emphasizes the rainforest's massive carbon storage capacity, while the decompressed version mentions ""recycles carbon dioxide"" without the same emphasis on storage. These discrepancies result in a partial similarity with significant information differences.",5.711111111111111,0.7514619883040936
7,1751318683.250365,gpt-4o-2024-11-20,openai,"Machine learning algorithms trained on vast datasets of human language can now generate coherent text, translate between languages, answer complex questions, and even write computer code, but they fundamentally operate through statistical pattern recognition rather than true understanding, raising philosophical questions about the nature of intelligence and consciousness.",ğŸ¤–ğŸ“šâ†’ğŸ“ğŸŒğŸ’»â“; âš™ï¸â‰ ğŸ§ â†’ğŸ¤”+ğŸ§µAI.,"Robots and artificial intelligence can process and generate information for the digital world, but does that mean they truly understand it? Technology is not the same as human intelligence, which involves critical thinking and interconnected reasoning.",0.15,0.053475935828877,True,2,374,20,252,354,94.6524064171123,0.4666457176208496,0.0107774188903427,0.09375,0.4,0.2808991990643234,Poor,"The two sentences share a thematic focus on the capabilities and limitations of artificial intelligence, particularly in relation to understanding and intelligence. Both mention the ability of AI to process and generate information, and both raise questions about the nature of true understanding and intelligence. However, the original sentence provides specific examples of AI capabilities (e.g., generating text, translating languages, answering questions, writing code) and emphasizes the statistical nature of AI's operation. In contrast, the decompressed sentence generalizes AI as ""robots and artificial intelligence"" and contrasts technology with human intelligence, emphasizing critical thinking and reasoning. The decompressed version lacks the detailed examples and the specific mention of statistical pattern recognition, resulting in significant information differences.",12.6,0.6737967914438503
8,1751318694.0762591,gpt-4o-2024-11-20,openai,"The Great Pacific Garbage Patch, a massive accumulation of plastic debris floating in the North Pacific Ocean between Hawaii and California, covers an area larger than twice the size of Texas and contains an estimated 80,000 metric tons of plastic waste that poses severe threats to marine life through ingestion, entanglement, and toxic chemical leaching.","ğŸŒŠğŸ—‘ï¸: 2Ã—TX, 80kT plastic, ğŸŸâš ï¸ (ingest, entangle, â˜ ï¸).","The ocean is being polluted with approximately 80,000 tons of plastic annually, equivalent to two times the weight of the Titanic, which poses severe risks to marine life as fish ingest the plastic, become entangled in it, and face fatal consequences.",0.15,0.146067415730337,True,3,356,52,251,304,85.39325842696628,0.651779294013977,0.037583872911756,0.2121212121212121,0.5,0.3954748052107867,Poor,"Both sentences discuss the issue of plastic pollution in the ocean and its harmful effects on marine life. However, the original sentence specifically refers to the Great Pacific Garbage Patch, its location, and its size relative to Texas, while the decompressed sentence generalizes the pollution to the ocean without specifying the location or the specific area affected. The decompressed sentence also uses a different analogy (weight of the Titanic) to describe the amount of plastic, which changes the context. Additionally, the original sentence mentions toxic chemical leaching as a threat, which is not included in the decompressed version. Overall, while both sentences convey the idea of plastic pollution and its dangers to marine life, significant details and context are lost or altered in the decompressed version.",4.826923076923077,0.7050561797752809
9,1751318702.8171709,gpt-4o-2024-11-20,openai,"CRISPR-Cas9 gene editing technology allows scientists to make precise modifications to DNA sequences by using a guide RNA to direct the Cas9 enzyme to specific genomic locations where it cuts the double helix, enabling researchers to delete, insert, or replace genetic material with unprecedented accuracy and potentially cure inherited diseases.",ğŸ§¬CRISPR-Cas9ğŸ”§DNA w/ğŸ§­RNAâ¡ï¸ğŸ¯gene editsğŸ©ºcure diseases.,"CRISPR-Cas9 technology uses a DNA-editing tool guided by RNA to precisely target and modify genes, offering the potential to cure diseases.",0.15,0.1473988439306358,True,2,346,51,139,295,85.26011560693641,0.9467933177947998,0.0086405214576787,0.15625,0.7,0.5270160996299756,Moderate,"The decompressed sentence retains the core concept of CRISPR-Cas9 technology being used for precise gene editing with the potential to cure diseases. However, it loses several specific details present in the original sentence. The original mentions the use of a guide RNA to direct the Cas9 enzyme to specific genomic locations, the process of cutting the double helix, and the ability to delete, insert, or replace genetic material with unprecedented accuracy. These details are not explicitly mentioned in the decompressed version, resulting in a general similarity but with some loss of specific information.",2.7254901960784315,0.4017341040462427
10,1751318714.312396,gpt-4o-2024-11-20,openai,"The ancient Library of Alexandria, established in the 3rd century BCE during the Ptolemaic dynasty, represented humanity's first attempt at universal knowledge collection, housing an estimated 400,000 to 700,000 scrolls on subjects ranging from mathematics and astronomy to medicine and literature, before its gradual decline and eventual destruction over several centuries.","ğŸ“šğŸ›ï¸Alexandria(3rdc.BCE):400k-700kğŸ“œ,universalğŸ“–;declinedğŸ”¥.","The Library of Alexandria, established in the 3rd century BCE, housed an estimated 400,000 to 700,000 scrolls and aimed to be a universal repository of knowledge; however, it eventually declined and was destroyed by fire.",0.15,0.1497326203208556,True,4,374,56,221,318,85.02673796791444,0.8892419934272766,0.2431978258145967,0.2857142857142857,0.7,0.5825550203339595,Moderate,"The decompressed sentence retains the core information about the Library of Alexandria, including its establishment in the 3rd century BCE, its purpose as a universal repository of knowledge, the estimated number of scrolls it housed, and its eventual decline and destruction. However, it omits several details present in the original sentence, such as the specific mention of the Ptolemaic dynasty, the range of subjects covered by the scrolls (mathematics, astronomy, medicine, literature), and the gradual nature of its decline and destruction over several centuries. These omissions result in a generally similar meaning but with some loss of specific historical and contextual information.",3.946428571428572,0.5909090909090909
11,1751318722.7872791,gpt-4o-2024-11-20,openai,"Photosynthesis, the fundamental biological process that converts carbon dioxide and water into glucose using sunlight energy captured by chlorophyll molecules, not only provides the chemical energy that powers most life on Earth but also produces the oxygen that makes aerobic respiration possible for complex multicellular organisms.",â˜€ï¸+ğŸŒ±: COâ‚‚+Hâ‚‚Oâ†’Câ‚†Hâ‚â‚‚Oâ‚†+Oâ‚‚. Vital for life.,"Sunlight and plants: Carbon dioxide and water combine to produce glucose and oxygen through photosynthesis, a process essential for sustaining life.",0.15,0.122754491017964,True,2,334,41,148,293,87.72455089820359,0.8391289710998535,0.0501444631615823,0.2857142857142857,0.7,0.5289104411051296,Moderate,"The decompressed sentence captures the core concept of photosynthesis, including the conversion of carbon dioxide and water into glucose and oxygen using sunlight, which is essential for sustaining life. However, it omits specific details such as the role of chlorophyll molecules in capturing sunlight energy and the significance of photosynthesis in providing chemical energy and enabling aerobic respiration for complex multicellular organisms. These omissions result in some loss of information, leading to a generally similar but not highly detailed representation of the original sentence.",3.609756097560976,0.4431137724550898
12,1751318733.196115,gpt-4o-2024-11-20,openai,"The Manhattan Project, a top-secret research and development program during World War II, brought together over 130,000 workers and scientists across multiple sites in the United States to develop the world's first nuclear weapons, culminating in the atomic bombs dropped on Hiroshima and Nagasaki and fundamentally altering international relations and military strategy.",WWIIğŸ‡ºğŸ‡¸ManhattanProj:130kâ†’â˜¢ï¸Hiroshima+Nagasaki;ğŸŒâš”ï¸shift.,"During World War II, the United States initiated the Manhattan Project, which involved 130,000 people and led to the development of nuclear weapons that were subsequently used on Hiroshima and Nagasaki, causing a significant shift in global warfare and geopolitics.",0.15,0.1482479784366576,True,4,371,55,265,316,85.17520215633422,0.8770774602890015,0.181974272553209,0.3,0.9,0.6295180925973423,Good,"The two sentences convey very similar meanings with only minor differences in detail and emphasis. Both sentences describe the Manhattan Project as a World War II initiative by the United States that involved 130,000 people and resulted in the development of nuclear weapons used on Hiroshima and Nagasaki. They both highlight the significant impact on global warfare and geopolitics. The original sentence provides slightly more detail by mentioning the ""top-secret research and development program"" and ""multiple sites in the United States,"" while the decompressed version simplifies these aspects. However, the core information and implications are preserved, resulting in a high similarity score.",4.818181818181818,0.7142857142857143
13,1751318742.2665422,gpt-4o-2024-11-20,openai,"Social media algorithms designed to maximize user engagement often create echo chambers by preferentially showing content that confirms existing beliefs and biases, leading to increased political polarization, reduced exposure to diverse viewpoints, and the rapid spread of misinformation that can have serious consequences for democratic discourse and public health.","ğŸ“±ğŸ¤– amplify biases, polarize ğŸŒ, spread ğŸ“°âŒ, harm ğŸ—³ï¸+ğŸ©º.","Smartphones and artificial intelligence amplify biases, polarize societies globally, spread misinformation, and negatively impact democracy and public health.",0.15,0.1416893732970027,True,2,367,52,158,315,85.83106267029973,0.5734201669692993,0.039511954418899,0.1428571428571428,0.5,0.3584998695459981,Poor,"The decompressed sentence captures some of the core themes of the original, such as the amplification of biases, polarization, spread of misinformation, and negative impacts on democracy and public health. However, it loses significant details and specificity. The original sentence specifically discusses social media algorithms and their role in creating echo chambers by showing content that confirms existing beliefs, which is not mentioned in the decompressed version. Additionally, the original highlights the consequences for democratic discourse and public health, while the decompressed version generalizes these impacts without the same level of detail. The decompressed sentence also introduces ""smartphones and artificial intelligence"" as the agents of these effects, which is a broader and somewhat different focus than the original's emphasis on social media algorithms.",3.0384615384615383,0.4305177111716621
14,1751318752.9081988,gpt-4o-2024-11-20,openai,"The human microbiome, consisting of trillions of bacteria, viruses, fungi, and other microorganisms living in and on our bodies, plays essential roles in digestion, immune system function, mental health, and disease resistance, with recent research suggesting that disruptions to this microbial ecosystem may contribute to conditions ranging from obesity to depression.",Microbiome=ğŸ¦ trillionsâ†’digestğŸ›¡ï¸ğŸ§ ğŸ©º; disruptionsâ†’âš–ï¸ğŸ“‰ğŸ§ â¬‡ï¸.,"The microbiome consists of trillions of microorganisms that play a crucial role in digestion, immune defense, brain health, and overall well-being; disruptions to the microbiome can lead to imbalances, decreased health, and impaired brain function.",0.15,0.1436314363143631,True,3,369,53,248,316,85.63685636856368,0.8248507380485535,0.0842852533322158,0.25,0.8,0.5543122720810092,Moderate,"Both sentences convey the fundamental idea that the microbiome, composed of trillions of microorganisms, is crucial for various aspects of human health, including digestion, immune function, and mental health. They both mention the negative impact of disruptions to the microbiome. However, the original sentence specifies the types of microorganisms (bacteria, viruses, fungi) and explicitly mentions disease resistance and specific conditions like obesity and depression. The decompressed version generalizes these points to ""microorganisms"" and ""overall well-being,"" and it does not specify particular conditions, instead using broader terms like ""imbalances"" and ""decreased health."" Despite these differences, the core message about the importance and impact of the microbiome is largely preserved.",4.679245283018868,0.6720867208672087
15,1751318762.246426,gpt-4o-2024-11-20,openai,"Renewable energy technologies including solar photovoltaic panels, wind turbines, and hydroelectric generators have experienced dramatic cost reductions over the past decade, making clean electricity cheaper than fossil fuels in many markets and offering a viable pathway to reduce greenhouse gas emissions while meeting growing global energy demands.",â™»ï¸â˜€ï¸ğŸ’¨ğŸŒŠ>ğŸ›¢ï¸â¬‡ï¸ğŸŒğŸŒ¡ï¸âš¡âœ…,"Renewable energy sources like solar, wind, and hydro are more sustainable and environmentally friendly than fossil fuels, leading to reduced global warming, cleaner energy, and a healthier planet.",0.15,0.0455840455840455,True,2,351,16,196,335,95.44159544159544,0.7341969609260559,0.0318846282787728,0.2058823529411764,0.5,0.4178124845218066,Moderate,"The decompressed sentence captures the general theme of renewable energy being more sustainable and environmentally friendly compared to fossil fuels, which aligns with the original sentence's emphasis on reducing greenhouse gas emissions. However, it loses specific details about the dramatic cost reductions of renewable technologies, the comparison of clean electricity costs to fossil fuels, and the mention of meeting growing global energy demands. The decompressed version focuses more on the environmental benefits rather than the economic and market aspects highlighted in the original. Thus, while there is a partial overlap in meaning, significant information differences exist.",12.25,0.5584045584045584
16,1751318773.040974,gpt-4o-2024-11-20,openai,"The discovery of DNA's double helix structure by Watson, Crick, Franklin, and Wilkins in 1953 revolutionized biology by revealing how genetic information is stored, replicated, and transmitted across generations, laying the foundation for molecular biology, biotechnology, and our modern understanding of heredity, evolution, and genetic diseases.","ğŸ§¬DNA(1953,W+C):â†»bioâ†”heredity,evo,life'sğŸ“œ,ğŸ”¬ğŸ”„code.","In 1953, the discovery of DNA by Watson and Crick revolutionized biology, revealing its role as the hereditary material, a cornerstone of evolution, the blueprint of life, and the molecular code that underpins all living organisms.",0.15,0.138328530259366,True,5,347,48,231,299,86.1671469740634,0.8420349955558777,0.0769371303037596,0.2962962962962963,0.7,0.5372571839867745,Moderate,"Both sentences convey the revolutionary impact of the discovery of DNA's structure on biology and its role in heredity and evolution. However, the original sentence includes more specific details, such as the involvement of Franklin and Wilkins, the double helix structure, and the implications for molecular biology, biotechnology, and genetic diseases. The decompressed sentence simplifies the discovery to Watson and Crick and focuses on DNA as the hereditary material and blueprint of life, omitting the contributions of Franklin and Wilkins and the broader implications for specific scientific fields.",4.8125,0.6657060518731989
17,1751318782.8208451,gpt-4o-2024-11-20,openai,"Urban heat islands, caused by the replacement of natural vegetation with concrete, asphalt, and buildings that absorb and retain solar energy, can make cities 2-5 degrees Celsius warmer than surrounding rural areas, exacerbating air conditioning energy use, air pollution, and heat-related health problems, particularly affecting low-income communities.","ğŸ™ï¸ğŸ”¥=â¬†ï¸2-5Â°Câ†”ï¸ğŸŒ³â¡ï¸ğŸ› ï¸, âš¡+â˜ï¸+ğŸ’”ğŸ“ˆ, ğŸ¯ğŸ’¸â¬‡ï¸.","Urban areas experience a temperature increase of 2 to 5 degrees Celsius due to reduced greenery, requiring restoration efforts, while energy consumption, pollution, and environmental degradation rise, leading to economic challenges and a decline in overall well-being.",0.15,0.0963172804532577,True,2,353,34,268,319,90.3682719546742,0.7161641716957092,0.0259486278903273,0.1935483870967742,0.6,0.438748654506133,Moderate,"Both sentences discuss the phenomenon of urban heat islands and the associated temperature increase of 2 to 5 degrees Celsius. They mention the reduction of greenery as a contributing factor and the resulting rise in energy consumption and pollution. However, the original sentence specifically attributes the temperature increase to the replacement of natural vegetation with concrete, asphalt, and buildings, while the decompressed version generalizes this to ""reduced greenery"" and does not specify the materials involved. The original also highlights the impact on low-income communities and heat-related health problems, which are not explicitly mentioned in the decompressed version. Instead, the decompressed version introduces ""restoration efforts"" and ""economic challenges,"" which are not present in the original. Overall, the core idea of urban heat islands and their effects is preserved, but there are notable differences in detail and emphasis.",7.882352941176471,0.7592067988668555
18,1751318794.2905831,gpt-4o-2024-11-20,openai,"The development of antibiotics, beginning with Alexander Fleming's accidental discovery of penicillin in 1928, has saved millions of lives by enabling doctors to treat previously fatal bacterial infections, but the overuse and misuse of these drugs has led to the evolution of antibiotic-resistant bacteria that pose an increasingly serious threat to global public health.",ğŸ’ŠğŸ§«:1928 FlemingğŸ§ªâ¡ï¸ğŸŒğŸ’‰.Misuseâš ï¸ğŸ¦ ğŸ†šğŸ’Šâ©ğŸ“‰ğŸŒhealth.,"In 1928, Alexander Fleming discovered penicillin in a laboratory, which eventually revolutionized global medicine and led to the development of life-saving antibiotics. However, the misuse of antibiotics has led to the rise of antibiotic-resistant bacteria, posing a significant threat to global health.",0.15,0.1129032258064516,True,5,372,42,303,330,88.70967741935483,0.9494609236717224,0.1242550729804429,0.375,0.8,0.6246892916976052,Good,"Both sentences convey the core narrative of Alexander Fleming's discovery of penicillin in 1928 and its pivotal role in developing antibiotics that have saved millions of lives. They also both highlight the negative consequence of antibiotic misuse, leading to antibiotic-resistant bacteria that threaten global health. The original sentence emphasizes the accidental nature of the discovery and specifies the impact on previously fatal bacterial infections, while the decompressed version focuses more on the revolutionary impact on global medicine. Despite these minor differences in emphasis and detail, the overall meaning and key information are very similar.",7.214285714285714,0.8145161290322581
19,1751318803.735381,gpt-4o-2024-11-20,openai,"Artificial neural networks inspired by the structure and function of biological neurons use layers of interconnected nodes to process information, with deep learning architectures containing millions or billions of parameters that can learn complex patterns from data through backpropagation algorithms, enabling breakthroughs in computer vision, natural language processing, and game playing.","ğŸ¤–ğŸ§  mimic neuronsâ¡ï¸layers process data. ğŸ§¬ğŸ“š+ğŸ”¢=ğŸš€ in ğŸ‘ï¸,ğŸ—£ï¸ğŸ®.","Artificial intelligence mimics the functioning of neurons by processing data through layers. Combining genetics and knowledge with computational power leads to advancements in vision, language, and gaming.",0.15,0.1424936386768447,True,2,393,56,205,337,85.75063613231552,0.7058808207511902,0.0131589574938047,0.2,0.5,0.404396037724118,Moderate,"The decompressed sentence captures the general idea that artificial intelligence (AI) is inspired by the functioning of neurons and is used in areas like vision, language, and gaming. However, it loses significant details present in the original sentence. The original specifies ""artificial neural networks"" and ""deep learning architectures"" with ""millions or billions of parameters"" and ""backpropagation algorithms,"" which are crucial for understanding the complexity and specific mechanisms of AI. The decompressed version simplifies these concepts to ""processing data through layers"" and omits the technical details about parameters and algorithms. Additionally, the mention of ""combining genetics and knowledge with computational power"" introduces new elements not present in the original, which shifts the focus and meaning.",3.6607142857142856,0.5216284987277354
0,1751314010.890541,gemini-2.5-pro,gemini,"The ancient Mediterranean trading routes, established by Phoenician merchants around 1200 BCE, fundamentally transformed economic relationships between distant civilizations by enabling the exchange of not only goods like purple dye, cedar wood, and precious metals, but also ideas, technologies, and cultural practices that would shape the development of Western civilization.",~12cBC Phoenicianâ›µï¸ğŸ•¸ï¸ğŸŒğŸ’°:ğŸ“¦â‡„ğŸ’¡/âš™ï¸/ğŸ­â‡’ğŸ›ï¸,"Beginning around the 12th century BC, the seafaring Phoenicians established a vast commercial network across the world, where the exchange of goods also facilitated the transfer of ideas, technology, and culture, which in turn laid the foundation for subsequent civilizations.",0.15,0.0928381962864721,True,2,377,35,276,342,90.71618037135278,0.7434632778167725,0.0287532086611175,0.1724137931034483,0.7,0.4732723836979449,Moderate,"Both sentences convey the idea that the Phoenicians established a significant trading network that facilitated the exchange of goods and cultural elements, impacting future civilizations. However, the original sentence specifies the Mediterranean region and mentions specific goods like purple dye, cedar wood, and precious metals, which are not mentioned in the decompressed version. The decompressed sentence generalizes the network as ""across the world"" and omits the specific timeframe of ""around 1200 BCE,"" instead using ""around the 12th century BC."" Additionally, the original highlights the transformation of economic relationships and the shaping of Western civilization, while the decompressed version focuses on laying the foundation for subsequent civilizations without specifying Western civilization. These differences result in some loss of detail and specificity.",7.885714285714286,0.7320954907161804
1,1751314083.7392151,gemini-2.5-pro,gemini,"Climate scientists at the International Panel on Climate Change have determined through extensive analysis of ice core samples, satellite temperature measurements, and oceanic thermal data that global average temperatures have risen by approximately 1.1 degrees Celsius since pre-industrial times, with the most dramatic increases occurring in the Arctic regions where permafrost melting is accelerating at unprecedented rates.",IPCC(ğŸ§ŠğŸ›°ï¸ğŸŒŠğŸ“Š)â‡’ğŸŒğŸŒ¡ï¸â†‘~1.1Â°C since pre-ind; Arcticâ†‘â†‘â†‘ & permafrostğŸ’§â©,"Based on comprehensive data analysis of ice, oceans, and satellite observations, the Intergovernmental Panel on Climate Change has concluded that global temperatures have risen by approximately 1.1Â°C since pre-industrial times; the Arctic is warming at a significantly accelerated rate, and its permafrost is thawing rapidly.",0.15,0.1451990632318501,True,1,427,62,325,365,85.48009367681499,0.8936611413955688,0.1609596396360209,0.4166666666666667,0.9,0.6536236036792082,Good,"The two sentences convey very similar meanings with minor differences in detail. Both sentences communicate that the Intergovernmental Panel on Climate Change (IPCC) has found, through extensive data analysis, that global temperatures have increased by approximately 1.1 degrees Celsius since pre-industrial times. They both highlight the significant warming in the Arctic and the rapid thawing of permafrost. The original sentence specifies the types of data used (ice core samples, satellite temperature measurements, and oceanic thermal data), while the decompressed version generalizes this to ""comprehensive data analysis of ice, oceans, and satellite observations."" This results in a slight loss of specificity, but the core message remains intact.",5.241935483870968,0.7611241217798594
2,1751314178.806912,gemini-2.5-pro,gemini,"The human brain's neuroplasticity allows for remarkable adaptation throughout life, as demonstrated by stroke patients who recover speech and motor functions through intensive rehabilitation therapy that essentially rewires neural pathways, creating new connections that bypass damaged areas and restore cognitive abilities previously thought to be permanently lost.","âˆ ğŸ§  plasticity: rehab â†ª stroke dmg, restoring lost fn.","The lifelong plasticity of the brain enables rehabilitation to counteract the damage from a stroke, restoring lost functions.",0.15,0.1475409836065573,True,1,366,54,125,312,85.24590163934427,0.8074859976768494,0.003540201034367,0.1470588235294117,0.6,0.4523656042158105,Moderate,"The decompressed sentence captures the general concept of the brain's ability to adapt and recover functions after a stroke, which is the core idea of the original sentence. However, it loses several specific details. The original sentence mentions ""neuroplasticity,"" ""intensive rehabilitation therapy,"" ""rewires neural pathways,"" and ""creating new connections that bypass damaged areas,"" which are not explicitly stated in the decompressed version. Additionally, the original highlights the restoration of ""speech and motor functions"" and ""cognitive abilities previously thought to be permanently lost,"" which are generalized to ""lost functions"" in the decompressed sentence. These omissions result in a loss of specificity and detail, leading to a generally similar meaning but with some information lost or changed.",2.314814814814815,0.3415300546448087
3,1751314304.5547252,gemini-2.5-pro,gemini,"Modern cryptocurrency blockchain technology utilizes distributed ledger systems with cryptographic hash functions to create immutable transaction records that are verified by thousands of independent nodes worldwide, eliminating the need for traditional banking intermediaries while consuming enormous amounts of electrical energy in the process.","â‚¿ğŸ”—:ğŸŒğŸ”’ğŸ“œ,ğŸ†šğŸ¦,â˜¹ï¸â«âš¡","Bitcoin's blockchain is a global and secure public ledger that stands in contrast to traditional banks, but a significant drawback is its high energy consumption.",0.15,0.0404624277456647,True,2,346,14,162,332,95.95375722543352,0.6513822078704834,0.0063390334976368,0.1290322580645161,0.6,0.4024889206735756,Moderate,"The decompressed sentence captures the general concept of blockchain technology being a global and secure public ledger that contrasts with traditional banking systems, which aligns with the original sentence's mention of eliminating the need for traditional banking intermediaries. However, the decompressed sentence specifically refers to Bitcoin's blockchain, whereas the original discusses modern cryptocurrency blockchain technology in a broader sense. Both sentences mention high energy consumption as a drawback. Key details lost include the use of distributed ledger systems, cryptographic hash functions, the creation of immutable transaction records, and the verification by thousands of independent nodes. Overall, the decompressed sentence simplifies and narrows the scope of the original information.",11.571428571428571,0.4682080924855491
4,1751314523.080377,gemini-2.5-pro,gemini,"The James Webb Space Telescope, positioned at the second Lagrange point approximately 1.5 million kilometers from Earth, uses its 6.5-meter segmented mirror and advanced infrared instruments to observe the universe's earliest galaxies, some formed just 400 million years after the Big Bang, providing unprecedented insights into cosmic evolution and star formation processes.","JWST@L2(1.5GmğŸŒ)6.5mâ¬¢IRğŸ”­ğŸ‘€ğŸŒŒ(BB+400Ma)â†’ğŸ’¡ğŸŒŒğŸ“œ,â­ğŸŒ±","The James Webb Space Telescope, an infrared observatory with a 6.5-meter hexagonal mirror positioned 1.5 million kilometers from Earth at the second Lagrange point, observes the early universe approximately 400 million years after the Big Bang to shed light on cosmic history and the formation of stars.",0.15,0.112,True,2,375,42,303,333,88.8,0.9445128440856934,0.3221228993817953,0.5757575757575758,0.9,0.7329299482535823,Good,"Both sentences convey the primary function and positioning of the James Webb Space Telescope, emphasizing its role in observing the early universe and contributing to the understanding of cosmic evolution and star formation. The original sentence mentions ""advanced infrared instruments"" and ""unprecedented insights,"" while the decompressed version simplifies this to ""an infrared observatory"" and ""shed light on cosmic history."" These differences are minor, as the core meaning and key details about the telescope's purpose and capabilities are preserved.",7.214285714285714,0.808
5,1751314870.100577,gemini-2.5-pro,gemini,"Quantum entanglement, described by Einstein as 'spooky action at a distance,' occurs when two particles become correlated in such a way that measuring the quantum state of one particle instantly determines the state of its partner, regardless of the physical distance separating them, challenging our classical understanding of locality and causality in physics.","QE: 2pğŸ”—; measuring 1 âš¡â†’Ïˆâ‚‚ âˆ€Î”x, challenging locality.","Quantum entanglement is the phenomenon where two particles are linked such that measuring one instantaneously determines the state of the other, regardless of the distance separating them, which challenges the principle of locality.",0.15,0.143646408839779,True,2,362,52,232,310,85.6353591160221,0.854459822177887,0.1325256690062763,0.3846153846153846,0.8,0.5997661573776982,Moderate,"Both sentences convey the core concept of quantum entanglement, emphasizing the instantaneous correlation between two particles regardless of distance, which challenges the principle of locality. The decompressed sentence omits Einstein's description of entanglement as ""spooky action at a distance"" and does not explicitly mention the challenge to causality in physics. However, the primary idea of entanglement affecting our understanding of locality is preserved, resulting in a very similar meaning with minor details differing.",4.461538461538462,0.6408839779005525
6,1751314947.071052,gemini-2.5-pro,gemini,"The Amazon rainforest ecosystem supports over 400 billion individual trees representing approximately 16,000 different species, creates roughly 20% of the world's oxygen, and serves as home to an estimated 10% of Earth's biodiversity, while also playing a crucial role in global climate regulation through its massive carbon storage capacity.","AmazonğŸŒ³: >400BğŸŒ´/16k spp, â†’20%ğŸŒOâ‚‚, 10%ğŸŒğŸ§¬, keyğŸŒC-sink","The Amazon rainforest is home to more than 400 billion trees and 16,000 species, produces 20% of the Earth's oxygen, contains 10% of the world's biodiversity, and is a key global carbon sink.",0.15,0.1491228070175438,True,1,342,51,191,291,85.08771929824562,0.9163529872894288,0.1844198115128723,0.3793103448275862,0.9,0.6576519274549203,Good,"The decompressed sentence retains most of the key information from the original sentence. Both sentences mention the Amazon rainforest's vast number of trees (over 400 billion) and species (approximately 16,000), its contribution to global oxygen production (20%), its biodiversity (10% of Earth's), and its role in carbon storage. The main difference is the original sentence's emphasis on the ecosystem's role in global climate regulation, which is more explicitly stated as ""playing a crucial role in global climate regulation through its massive carbon storage capacity."" The decompressed version simplifies this to ""a key global carbon sink,"" which conveys a similar idea but with less detail. Overall, the core meaning and key facts are preserved, with only minor differences in detail and emphasis.",3.7450980392156863,0.5584795321637427
7,1751315148.8392582,gemini-2.5-pro,gemini,"Machine learning algorithms trained on vast datasets of human language can now generate coherent text, translate between languages, answer complex questions, and even write computer code, but they fundamentally operate through statistical pattern recognition rather than true understanding, raising philosophical questions about the nature of intelligence and consciousness.",LLMs:ğŸ—£ï¸âœï¸ğŸ’» via ğŸ“ˆğŸ•¸ï¸ patterns. Not true ğŸ¤” âˆ´ Î¦(ğŸ§ &C)?,"While Large Language Models generate language and code by recognizing statistical patterns within their neural networks, this is not genuine cognition, which therefore raises the question of whether they lack the consciousness that arises from a biological mind.",0.15,0.1310160427807486,True,2,374,49,262,325,86.89839572192514,0.5840351581573486,0.0061047680859596,0.15625,0.7,0.4176815010643965,Moderate,"Both sentences discuss the capabilities of machine learning models, specifically their ability to generate language and code through statistical pattern recognition. They also touch on the philosophical implications regarding intelligence and consciousness. However, the original sentence provides more detail about the specific tasks these models can perform (e.g., translating languages, answering complex questions) and emphasizes the distinction between statistical operation and true understanding. The decompressed sentence focuses more on the lack of genuine cognition and consciousness, omitting some of the specific capabilities mentioned in the original. Thus, while the core theme is similar, some specific information is lost, resulting in a generally similar meaning.",5.346938775510204,0.7005347593582888
8,1751315261.118249,gemini-2.5-pro,gemini,"The Great Pacific Garbage Patch, a massive accumulation of plastic debris floating in the North Pacific Ocean between Hawaii and California, covers an area larger than twice the size of Texas and contains an estimated 80,000 metric tons of plastic waste that poses severe threats to marine life through ingestion, entanglement, and toxic chemical leaching.","NğŸŒŠğŸ—‘ï¸(HI-CA) >2xTX ~80kt ğŸŸ(ğŸ½ï¸,ğŸ•¸ï¸,ğŸ§ª)â˜ ï¸","The North Pacific garbage patch, located in the ocean between Hawaii and California, is now more than twice the size of Texas with an estimated weight of 80,000 tons, and it is killing marine life through the ingestion of plastic, entanglement in debris, and chemical poisoning.",0.15,0.1011235955056179,True,1,356,36,278,320,89.8876404494382,0.9173129200935364,0.2782545065323171,0.5757575757575758,0.9,0.7159962924860395,Good,"The two sentences convey very similar meanings with only minor differences in detail and phrasing. Both describe a large accumulation of plastic debris in the North Pacific Ocean, located between Hawaii and California, and emphasize its size as being more than twice that of Texas. They both estimate the weight of the debris at 80,000 metric tons and highlight the threats to marine life, including ingestion, entanglement, and chemical effects. The original sentence uses ""The Great Pacific Garbage Patch"" as a specific term, while the decompressed version uses ""The North Pacific garbage patch,"" which is a minor difference. Additionally, the decompressed version uses ""chemical poisoning"" instead of ""toxic chemical leaching,"" which slightly alters the nuance but not the overall meaning. Overall, the key information is preserved with only slight variations in wording.",7.722222222222222,0.7808988764044944
9,1751315443.057937,gemini-2.5-pro,gemini,"CRISPR-Cas9 gene editing technology allows scientists to make precise modifications to DNA sequences by using a guide RNA to direct the Cas9 enzyme to specific genomic locations where it cuts the double helix, enabling researchers to delete, insert, or replace genetic material with unprecedented accuracy and potentially cure inherited diseases.","CRISPR:gRNAğŸ§­C9âœ‚ï¸âœ¨ğŸ¯ğŸ§¬â‡’â–â•ğŸ”„,~âš•ï¸ğŸ§¬ğŸ’”","The CRISPR-Cas9 system utilizes a guide RNA to navigate the Cas9 enzyme to a specific target on a DNA strand, where it makes a precise cut, which enables the removal, addition, or replacement of genetic material, holding therapeutic promise for correcting genetic diseases.",0.15,0.0838150289017341,True,2,346,29,273,317,91.6184971098266,0.8869946002960205,0.1245418866779292,0.25,0.9,0.611006757424392,Good,"Both sentences convey the core concept of CRISPR-Cas9 technology, emphasizing its ability to make precise modifications to DNA sequences using a guide RNA and the Cas9 enzyme. They both highlight the potential for therapeutic applications in correcting genetic diseases. The original sentence mentions ""unprecedented accuracy"" and ""inherited diseases,"" while the decompressed version uses ""precise cut"" and ""genetic diseases,"" which are slightly less specific but still convey a similar meaning. Overall, the key information is preserved with minor differences in phrasing and detail.",9.413793103448276,0.7890173410404624
10,1751315566.827656,gemini-2.5-pro,gemini,"The ancient Library of Alexandria, established in the 3rd century BCE during the Ptolemaic dynasty, represented humanity's first attempt at universal knowledge collection, housing an estimated 400,000 to 700,000 scrolls on subjects ranging from mathematics and astronomy to medicine and literature, before its gradual decline and eventual destruction over several centuries.","ğŸ›ï¸â˜¥-3C:1Ë¢áµ—ğŸŒğŸ“š,âˆ€ğŸ“œ4-700k.ğŸ“‰â¡ï¸ğŸ”¥â³","The Library of Alexandria, founded in Egypt during the 3rd century BC, was the first universal library in the world, holding an estimated 400,000 to 700,000 scrolls before its eventual decline and destruction by fire over time.",0.15,0.0721925133689839,True,1,374,27,227,347,92.7807486631016,0.8841164112091064,0.1770179185717868,0.3214285714285714,0.8,0.6049242213628035,Good,"The two sentences convey very similar meanings, with minor differences in detail. Both mention the Library of Alexandria's founding in the 3rd century BCE/BC and its role as a universal library with a large collection of scrolls. The original sentence provides additional context about the Ptolemaic dynasty and specifies the range of subjects covered by the scrolls, such as mathematics, astronomy, medicine, and literature. The decompressed version omits these details and simplifies the cause of destruction to ""by fire,"" whereas the original mentions a ""gradual decline and eventual destruction."" Despite these differences, the core information about the library's significance and eventual destruction is preserved.",8.407407407407407,0.606951871657754
11,1751315621.746739,gemini-2.5-pro,gemini,"Photosynthesis, the fundamental biological process that converts carbon dioxide and water into glucose using sunlight energy captured by chlorophyll molecules, not only provides the chemical energy that powers most life on Earth but also produces the oxygen that makes aerobic respiration possible for complex multicellular organisms.","COâ‚‚+Hâ‚‚O --(â˜€ï¸,ğŸŒ¿)â†’ Câ‚†Hâ‚â‚‚Oâ‚†(âš¡ï¸ğŸŒ) + Oâ‚‚(â†’ğŸ«)","Using energy from sunlight, plants convert carbon dioxide and water into glucose, which provides the chemical energy for life on Earth, and oxygen, which is subsequently released for respiration.",0.15,0.1167664670658682,True,1,334,39,195,295,88.32335329341318,0.8644771575927734,0.1754561271990272,0.4285714285714285,0.8,0.6201486584319232,Good,"Both sentences convey the core concept of photosynthesis, emphasizing the conversion of carbon dioxide and water into glucose and oxygen using sunlight. The original sentence highlights the role of chlorophyll molecules in capturing sunlight and specifies the importance of oxygen for aerobic respiration in complex multicellular organisms. The decompressed sentence simplifies this by attributing the process to plants and omitting the mention of chlorophyll and the specific role of oxygen in aerobic respiration. Despite these omissions, the primary function and outcomes of photosynthesis are preserved, resulting in a very similar meaning with minor details differing.",5.0,0.5838323353293413
12,1751315693.522039,gemini-2.5-pro,gemini,"The Manhattan Project, a top-secret research and development program during World War II, brought together over 130,000 workers and scientists across multiple sites in the United States to develop the world's first nuclear weapons, culminating in the atomic bombs dropped on Hiroshima and Nagasaki and fundamentally altering international relations and military strategy.","WWII's ğŸ¤«M-Proj: >130kğŸ‘¥ in ğŸ‡ºğŸ‡¸â†’1Ë¢áµ— âš›ï¸ğŸ’£; ğŸ¯H&N, ğŸ”„ğŸŒğŸ¤âš”ï¸.","During World War II, the secret Manhattan Project involved over 130,000 personnel in the United States to develop the first atomic bomb; its targeting of Hiroshima and Nagasaki fundamentally reshaped global geopolitics and the nature of warfare.",0.15,0.1347708894878706,True,1,371,50,245,321,86.52291105121293,0.892633855342865,0.2011505161481517,0.3333333333333333,0.8,0.6146869264991565,Good,"Both sentences convey the core idea of the Manhattan Project as a secretive World War II initiative in the United States that involved a large number of personnel to develop the first nuclear weapons, which were used on Hiroshima and Nagasaki, significantly impacting global politics and military strategy. The original sentence provides more detail, mentioning ""research and development program,"" ""multiple sites,"" and ""scientists,"" while the decompressed version simplifies these aspects. Despite these minor differences, the primary meaning and key events are preserved, resulting in a very similar semantic interpretation.",4.9,0.660377358490566
13,1751315786.48324,gemini-2.5-pro,gemini,"Social media algorithms designed to maximize user engagement often create echo chambers by preferentially showing content that confirms existing beliefs and biases, leading to increased political polarization, reduced exposure to diverse viewpoints, and the rapid spread of misinformation that can have serious consequences for democratic discourse and public health.","SoMeâš™ï¸â†’echo(âœ“ğŸ§ )â†’â†‘polâš”ï¸,â†“ğŸ‘ï¸â€ğŸ—¨ï¸,â©ğŸ¤¥â†’â˜ ï¸ğŸ›ï¸&ğŸ¥","The way social media operates creates echo chambers that validate existing beliefs, which in turn leads to increased political polarization, a decline in public discourse, and the rapid spread of misinformation, ultimately causing the decay of governmental and public health institutions.",0.15,0.106267029972752,True,2,367,39,288,328,89.3732970027248,0.8316026926040649,0.2303006145052158,0.4285714285714285,0.7,0.5912552163965483,Moderate,"Both sentences discuss the impact of social media on creating echo chambers that reinforce existing beliefs, leading to political polarization and the spread of misinformation. However, the original sentence specifically attributes these effects to social media algorithms designed to maximize user engagement, while the decompressed version generalizes the cause to the way social media operates without mentioning algorithms. Additionally, the original sentence highlights reduced exposure to diverse viewpoints and serious consequences for democratic discourse and public health, whereas the decompressed version focuses on the decay of governmental and public health institutions. The core idea of echo chambers and their negative effects is preserved, but some specific details and causal mechanisms are altered or omitted.",7.384615384615385,0.784741144414169
14,1751315846.851152,gemini-2.5-pro,gemini,"The human microbiome, consisting of trillions of bacteria, viruses, fungi, and other microorganisms living in and on our bodies, plays essential roles in digestion, immune system function, mental health, and disease resistance, with recent research suggesting that disruptions to this microbial ecosystem may contribute to conditions ranging from obesity to depression.","ğŸ§â€â™€ï¸ğŸ¦ : ğŸ”‘ for digestion, ğŸ›¡ï¸, ğŸ§ . Imbalanceâ†¯ â†’ obesity, ğŸ˜”.","The human microbiome is essential for digestion, immune defense, and brain function; an imbalance can lead to conditions such as obesity and depression.",0.15,0.1490514905149051,True,1,369,55,152,314,85.09485094850947,0.9013510942459106,0.0242410019429656,0.28125,0.7,0.5415035286623663,Moderate,"The decompressed sentence captures the core functions of the human microbiome, such as its roles in digestion, immune defense, and brain function, and mentions the potential consequences of an imbalance, like obesity and depression. However, it omits several details from the original sentence, including the specific mention of the microbiome's composition (bacteria, viruses, fungi, and other microorganisms), its role in disease resistance, and the reference to recent research suggesting the link between microbial disruptions and various conditions. These omissions result in a generally similar meaning but with some loss of detailed information.",2.763636363636364,0.4119241192411924
15,1751315916.904202,gemini-2.5-pro,gemini,"Renewable energy technologies including solar photovoltaic panels, wind turbines, and hydroelectric generators have experienced dramatic cost reductions over the past decade, making clean electricity cheaper than fossil fuels in many markets and offering a viable pathway to reduce greenhouse gas emissions while meeting growing global energy demands.","~10y: â™»ï¸(â˜€ï¸,ğŸŒ¬ï¸,ğŸ’§) ğŸ’°â†“â†“ â‡’ âš¡ï¸<â›½ï¸ â†’ COâ‚‚â†“ & meet ğŸŒâš¡ï¸â†‘","Over the past decade, the cost of renewable energy sources like solar, wind, and hydropower has dropped significantly, making electricity from these sources cheaper than fossil fuels, which in turn leads to lower carbon dioxide emissions while helping to meet rising global energy demands.",0.15,0.1367521367521367,True,1,351,48,289,303,86.32478632478633,0.8485260009765625,0.2086128609403811,0.4411764705882353,0.9,0.6545156665986921,Good,"The two sentences convey very similar meanings, with only minor differences in detail and phrasing. Both sentences discuss the significant cost reductions in renewable energy technologies over the past decade, highlighting solar, wind, and hydroelectric power. They both emphasize that these reductions have made renewable energy cheaper than fossil fuels and note the environmental benefit of reducing greenhouse gas emissions while meeting global energy demands. The original sentence specifies ""solar photovoltaic panels, wind turbines, and hydroelectric generators,"" while the decompressed version uses broader terms like ""solar, wind, and hydropower."" This slight difference in specificity does not significantly alter the overall meaning, hence the high similarity score.",6.020833333333333,0.8233618233618234
16,1751316078.561117,gemini-2.5-pro,gemini,"The discovery of DNA's double helix structure by Watson, Crick, Franklin, and Wilkins in 1953 revolutionized biology by revealing how genetic information is stored, replicated, and transmitted across generations, laying the foundation for molecular biology, biotechnology, and our modern understanding of heredity, evolution, and genetic diseases.",1953:WCFW ğŸ”ğŸ“œ ğŸ§¬'s â„¹ï¸â†’ â‡’ modern bio's ğŸ§±,"In 1953, the paper by Watson and Crick revealing the structure of DNA provided the foundational building block for modern biology.",0.15,0.1066282420749279,True,2,347,37,130,310,89.33717579250721,0.7811431884765625,0.0085932942874401,0.2222222222222222,0.5,0.4305060598449012,Moderate,"The decompressed sentence captures the basic idea that Watson and Crick's work in 1953 was foundational for modern biology, which aligns with the original sentence's emphasis on the significance of the discovery. However, it omits several key details: the involvement of Franklin and Wilkins, the specific aspects of how DNA's structure revolutionized biology (such as genetic information storage, replication, and transmission), and the broader impacts on fields like molecular biology, biotechnology, heredity, evolution, and genetic diseases. The decompressed sentence simplifies the event and its implications, resulting in significant information loss.",3.5135135135135136,0.3746397694524496
17,1751316289.739396,gemini-2.5-pro,gemini,"Urban heat islands, caused by the replacement of natural vegetation with concrete, asphalt, and buildings that absorb and retain solar energy, can make cities 2-5 degrees Celsius warmer than surrounding rural areas, exacerbating air conditioning energy use, air pollution, and heat-related health problems, particularly affecting low-income communities.","UHI:ğŸŒ³â†’ğŸ§±(ğŸ“¥â˜€ï¸)â†’ğŸ™ï¸+2-5Â°C>ğŸŒ³â†’â†‘ACâš¡,ğŸ’¨,ğŸ¥ğŸ’”,harmsğŸ™most","The Urban Heat Island effect, where replacing natural land cover with buildings and pavement that absorb solar energy causes cities to become 2-5Â°C warmer than surrounding rural areas, leads to increased energy consumption for air conditioning, worse air pollution, and negative health outcomes like heat-related mortality that disproportionately harm the most vulnerable populations.",0.15,0.1246458923512747,True,2,353,44,384,309,87.53541076487252,0.8947487473487854,0.1706730871775126,0.5161290322580645,0.9,0.6757850480917511,Good,"The two sentences convey very similar meanings with only minor differences in wording and emphasis. Both describe the Urban Heat Island effect, its causes (replacement of natural vegetation with concrete, asphalt, and buildings), and its consequences (increased city temperatures, higher energy use for air conditioning, worsened air pollution, and health problems). Both sentences also highlight the disproportionate impact on vulnerable or low-income communities. The decompressed version uses slightly different phrasing and adds a specific example of negative health outcomes (""heat-related mortality""), but the core information and implications remain consistent with the original.",8.727272727272727,1.0878186968838528
18,1751316357.315468,gemini-2.5-pro,gemini,"The development of antibiotics, beginning with Alexander Fleming's accidental discovery of penicillin in 1928, has saved millions of lives by enabling doctors to treat previously fatal bacterial infections, but the overuse and misuse of these drugs has led to the evolution of antibiotic-resistant bacteria that pose an increasingly serious threat to global public health.","Abx saved M, but overuseâ†’resistance, now a ğŸŒ health â˜£ï¸.","Although antibiotics have saved countless lives, their overuse has led to widespread resistance, which now poses a global health crisis.",0.15,0.1478494623655914,True,1,372,55,136,317,85.21505376344086,0.7066750526428223,0.0121181851202505,0.1875,0.7,0.4619261528168967,Moderate,"The decompressed sentence captures the core idea that antibiotics have saved many lives and that their overuse has resulted in antibiotic resistance, posing a global health threat. However, it omits specific details from the original sentence, such as the historical context of Alexander Fleming's discovery of penicillin in 1928 and the emphasis on the treatment of previously fatal bacterial infections. The decompressed version generalizes the information, leading to some loss of detail and specificity.",2.4727272727272727,0.3655913978494624
19,1751316412.413756,gemini-2.5-pro,gemini,"Artificial neural networks inspired by the structure and function of biological neurons use layers of interconnected nodes to process information, with deep learning architectures containing millions or billions of parameters that can learn complex patterns from data through backpropagation algorithms, enabling breakthroughs in computer vision, natural language processing, and game playing.","ANNs/DLğŸ§ (â˜°ğŸ•¸ï¸, 10â¹+Î¸) learn ğŸ“ˆ â†backprop â‡’ğŸš€ in ğŸ‘€/ğŸ—£ï¸/ğŸ®","Artificial Neural Networks, specifically Deep Learning models, which are characterized by multi-layered complex architectures containing over a billion parameters, learn and improve by using the backpropagation algorithm, resulting in major breakthroughs in fields like computer vision, speech recognition, and game playing.",0.15,0.1297709923664122,True,1,393,51,324,342,87.02290076335878,0.8597915768623352,0.1331624369625237,0.4571428571428571,0.8,0.6159985318797767,Good,"Both sentences convey the core concept of artificial neural networks, particularly deep learning models, and their ability to learn complex patterns through backpropagation. They both highlight the impact of these models in fields such as computer vision and game playing. However, the original sentence mentions ""natural language processing,"" while the decompressed version refers to ""speech recognition,"" which, although related, are distinct areas. Additionally, the original sentence emphasizes the inspiration from biological neurons and the use of interconnected nodes, which is less explicit in the decompressed version. Despite these minor differences, the overall meaning and key information are largely preserved.",6.352941176470588,0.8244274809160306
